run_date,Ticker,Archetype,Vertical,Quality Score,Valuation Score,Verdict,AI Exposure,Price
2026-08-13,TSM,Foundry,Semiconductors,77.4,40.0,Watch,Enabler,
2026-08-13,UMC,Foundry,Semiconductors,52.6,60.0,Avoid,Enabler,
2026-08-13,NVDA,Fabless,Semiconductors,94.4,20.0,Watch,Enabler,
2026-08-13,AMD,Fabless,Semiconductors,67.4,40.0,Watch,Enabler,
2026-08-13,QCOM,Fabless,Semiconductors,69.8,100.0,Buy,Compounder,
2026-08-13,AVGO,Fabless,Semiconductors,75.4,40.0,Watch,Compounder,
2026-08-13,MRVL,Fabless,Semiconductors,69.2,40.0,Watch,Compounder,
2026-08-13,MPWR,Fabless,Semiconductors,71.4,20.0,Watch,Compounder,
2026-08-13,MCHP,Fabless,Semiconductors,47.4,80.0,Avoid,Neutral,
2026-08-13,QRVO,Fabless,Semiconductors,63.8,100.0,Buy,Neutral,
2026-08-13,SWKS,Fabless,Semiconductors,49.0,80.0,Avoid,Neutral,
2026-08-13,ARM,Fabless,Semiconductors,60.2,20.0,Watch,Enabler,
2026-08-13,SLAB,Fabless,Semiconductors,35.9,60.0,Avoid,Neutral,
2026-08-13,ALGM,Fabless,Semiconductors,41.6,40.0,Pass,Neutral,
2026-08-13,MTSI,Fabless,Semiconductors,58.0,20.0,Pass,Neutral,
2026-08-13,CRUS,Fabless,Semiconductors,73.8,100.0,Buy,Neutral,
2026-08-13,SIMO,Fabless,Semiconductors,49.2,60.0,Avoid,Neutral,
2026-08-13,MXL,Fabless,Semiconductors,38.4,20.0,Pass,Neutral,
2026-08-13,RMBS,Fabless,Semiconductors,82.8,60.0,Buy,Enabler,
2026-08-13,ASML,Equipment,Semiconductors,81.0,40.0,Watch,Enabler,
2026-08-13,LRCX,Equipment,Semiconductors,83.4,20.0,Watch,Enabler,
2026-08-13,KLAC,Equipment,Semiconductors,75.6,20.0,Watch,Enabler,
2026-08-13,AMAT,Equipment,Semiconductors,65.2,20.0,Watch,Enabler,
2026-08-13,ENTG,Equipment,Semiconductors,60.4,60.0,Buy,Enabler,
2026-08-13,MKSI,Equipment,Semiconductors,57.2,60.0,Avoid,Enabler,
2026-08-13,ACLS,Equipment,Semiconductors,51.2,40.0,Pass,Neutral,
2026-08-13,UCTT,Equipment,Semiconductors,30.0,100.0,Avoid,Neutral,
2026-08-13,ICHR,Equipment,Semiconductors,31.6,20.0,Pass,Neutral,
2026-08-13,COHU,Equipment,Semiconductors,46.8,60.0,Avoid,Neutral,
2026-08-13,FORM,Equipment,Semiconductors,55.8,40.0,Pass,Neutral,
2026-08-13,ONTO,Equipment,Semiconductors,66.6,20.0,Watch,Neutral,
2026-08-13,NVMI,Equipment,Semiconductors,68.2,20.0,Watch,Neutral,
2026-08-13,CAMT,Equipment,Semiconductors,73.3,20.0,Watch,Neutral,
2026-08-13,TER,Equipment,Semiconductors,65.2,20.0,Watch,Neutral,
2026-08-13,KEYS,Equipment,Semiconductors,58.2,60.0,Avoid,Enabler,
2026-08-13,INTC,IDM,Semiconductors,49.2,20.0,Pass,Exposed,
2026-08-13,TXN,IDM,Semiconductors,60.8,40.0,Watch,Neutral,
2026-08-13,NXPI,IDM,Semiconductors,60.2,100.0,Buy,Compounder,
2026-08-13,STM,IDM,Semiconductors,38.6,20.0,Pass,Neutral,
2026-08-13,ADI,IDM,Semiconductors,70.2,60.0,Buy,Compounder,
2026-08-13,ON,IDM,Semiconductors,54.8,100.0,Avoid,Compounder,
2026-08-13,WOLF,IDM,Semiconductors,33.7,80.0,Avoid,Neutral,
2026-08-13,MU,Memory,Semiconductors,62.4,20.0,Watch,Enabler,
2026-08-13,WDC,Memory,Semiconductors,75.1,40.0,Watch,Neutral,
2026-08-13,STX,Memory,Semiconductors,81.4,20.0,Watch,Neutral,
2026-08-13,SNPS,EDA_IP,Semiconductors,57.0,80.0,Avoid,Enabler,
2026-08-13,CDNS,EDA_IP,Semiconductors,66.2,60.0,Buy,Enabler,
2026-08-13,AVT,SUPPLY_CHAIN,Semiconductors,34.6,100.0,Avoid,Neutral,
2026-08-13,ARW,SUPPLY_CHAIN,Semiconductors,38.0,100.0,Avoid,Neutral,
2026-08-13,CDW,SUPPLY_CHAIN,Semiconductors,47.0,60.0,Avoid,Neutral,
2026-08-13,AMZN,Hyperscaler,Cloud,62.6,80.0,Buy,Enabler,
2026-08-13,MSFT,Hyperscaler,Cloud,70.4,40.0,Watch,Compounder,
2026-08-13,GOOGL,Hyperscaler,Cloud,67.4,60.0,Buy,Compounder,
2026-08-13,ORCL,Hyperscaler,Cloud,53.2,60.0,Avoid,Compounder,
2026-08-13,ESTC,Cloud_Data,Cloud,70.3,100.0,Buy,Compounder,
2026-08-13,AKAM,Cloud_Data,Cloud,50.2,80.0,Avoid,Neutral,
2026-08-13,GDDY,Cloud_Data,Cloud,64.0,100.0,Buy,Neutral,
2026-08-13,FFIV,Cloud_Data,Cloud,70.0,80.0,Buy,Neutral,
2026-08-13,VRSN,Cloud_Data,Cloud,84.8,60.0,Buy,Neutral,
2026-08-13,CRM,Enterprise_SaaS,SaaS,83.0,60.0,Buy,Compounder,
2026-08-13,HUBS,Enterprise_SaaS,SaaS,65.8,80.0,Buy,Compounder,
2026-08-13,WDAY,Enterprise_SaaS,SaaS,80.4,60.0,Buy,Exposed,
2026-08-13,INTU,Enterprise_SaaS,SaaS,78.6,60.0,Buy,Compounder,
2026-08-13,NOW,Enterprise_SaaS,SaaS,76.0,40.0,Watch,Compounder,
2026-08-13,ADBE,Enterprise_SaaS,SaaS,81.8,60.0,Buy,Compounder,
2026-08-13,TEAM,Enterprise_SaaS,SaaS,76.3,60.0,Buy,Compounder,
2026-08-13,SAP,Enterprise_SaaS,SaaS,70.4,60.0,Buy,Exposed,
2026-08-13,PAYC,Enterprise_SaaS,SaaS,62.4,60.0,Buy,Neutral,
2026-08-13,PCTY,Enterprise_SaaS,SaaS,66.2,60.0,Buy,Neutral,
2026-08-13,NICE,Enterprise_SaaS,SaaS,65.0,100.0,Buy,Compounder,
2026-08-13,ADP,Enterprise_SaaS,SaaS,63.0,60.0,Buy,Neutral,
2026-08-13,PAYX,Enterprise_SaaS,SaaS,74.8,20.0,Watch,Neutral,
2026-08-13,GTLB,DevOps,SaaS,86.0,60.0,Buy,Compounder,
2026-08-13,PD,DevOps,SaaS,70.4,100.0,Buy,Neutral,
2026-08-13,PLTR,Enterprise_AI,SaaS,94.4,20.0,Watch,Disruptor,
2026-08-13,SNOW,Enterprise_AI,SaaS,82.6,40.0,Watch,Disruptor,
2026-08-13,DDOG,Enterprise_AI,SaaS,79.2,40.0,Watch,Compounder,
2026-08-13,MDB,Enterprise_AI,SaaS,73.0,60.0,Buy,Compounder,
2026-08-13,ZS,Enterprise_AI,SaaS,82.4,80.0,Buy,Compounder,
2026-08-13,VEEV,Vertical_SaaS,SaaS,88.4,60.0,Buy,Compounder,
2026-08-13,IOT,Vertical_SaaS,SaaS,73.0,60.0,Buy,Enabler,
2026-08-13,PTC,Vertical_SaaS,SaaS,86.0,80.0,Buy,Compounder,
2026-08-13,TYL,Vertical_SaaS,SaaS,66.8,80.0,Buy,Neutral,
2026-08-13,ADSK,Vertical_SaaS,SaaS,83.2,80.0,Buy,Compounder,
2026-08-13,JKHY,Vertical_SaaS,SaaS,62.0,100.0,Buy,Neutral,
2026-08-13,BR,Vertical_SaaS,SaaS,58.4,100.0,Avoid,Neutral,
2026-08-13,TRMB,Vertical_SaaS,SaaS,71.4,100.0,Buy,Compounder,
2026-08-13,MSI,Vertical_SaaS,SaaS,70.8,80.0,Buy,Compounder,
2026-08-13,ZM,Collaboration,SaaS,82.8,60.0,Buy,Exposed,
2026-08-13,DBX,Collaboration,SaaS,80.0,60.0,Buy,Neutral,
2026-08-13,BOX,Collaboration,SaaS,62.8,40.0,Watch,Exposed,
2026-08-13,MSCI,Data_Analytics,SaaS,82.8,60.0,Buy,Compounder,
2026-08-13,FICO,Data_Analytics,SaaS,83.2,60.0,Buy,Compounder,
2026-08-13,VRSK,Data_Analytics,SaaS,84.0,80.0,Buy,Compounder,
2026-08-13,SPGI,Data_Analytics,SaaS,89.6,80.0,Buy,Compounder,
2026-08-13,MCO,Data_Analytics,SaaS,89.6,60.0,Buy,Compounder,
2026-08-13,CSGP,Data_Analytics,SaaS,64.4,100.0,Buy,Compounder,
2026-08-13,CRWD,ENDPOINT,Cybersecurity,76.8,20.0,Watch,Compounder,
2026-08-13,S,ENDPOINT,Cybersecurity,78.8,80.0,Buy,Compounder,
2026-08-13,PANW,NETWORK,Cybersecurity,73.4,40.0,Watch,Compounder,
2026-08-13,FTNT,NETWORK,Cybersecurity,85.4,60.0,Buy,Compounder,
2026-08-13,CHKP,NETWORK,Cybersecurity,70.2,100.0,Buy,Neutral,
2026-08-13,OKTA,IDENTITY,Cybersecurity,78.0,80.0,Buy,Compounder,
2026-08-13,QLYS,DATA_SEC,Cybersecurity,82.8,80.0,Buy,Neutral,
2026-08-13,VRNT,DATA_SEC,Cybersecurity,55.1,100.0,Avoid,Neutral,
2026-08-13,TENB,DATA_SEC,Cybersecurity,66.0,100.0,Buy,Compounder,
2026-08-13,GEN,DATA_SEC,Cybersecurity,84.0,100.0,Buy,Neutral,
2026-08-18,SMAR,Enterprise_SaaS,SaaS,,,Insufficient Data,Unknown,
2026-08-18,TSM,Foundry,Semiconductors,77.4,40.0,Watch,Enabler,
2026-08-18,UMC,Foundry,Semiconductors,52.6,60.0,Avoid,Enabler,
2026-08-18,NVDA,Fabless,Semiconductors,94.4,20.0,Watch,Enabler,
2026-08-18,AMD,Fabless,Semiconductors,67.4,40.0,Watch,Enabler,
2026-08-18,QCOM,Fabless,Semiconductors,69.8,100.0,Buy,Compounder,
2026-08-18,AVGO,Fabless,Semiconductors,75.4,40.0,Watch,Compounder,
2026-08-18,MRVL,Fabless,Semiconductors,69.2,40.0,Watch,Compounder,
2026-08-18,MPWR,Fabless,Semiconductors,71.4,20.0,Watch,Compounder,
2026-08-18,MCHP,Fabless,Semiconductors,47.4,80.0,Avoid,Neutral,
2026-08-18,QRVO,Fabless,Semiconductors,63.8,100.0,Buy,Neutral,
2026-08-18,SWKS,Fabless,Semiconductors,49.0,80.0,Avoid,Neutral,
2026-08-18,ARM,Fabless,Semiconductors,60.2,20.0,Watch,Enabler,
2026-08-18,SLAB,Fabless,Semiconductors,35.9,60.0,Avoid,Neutral,
2026-08-18,ALGM,Fabless,Semiconductors,41.6,40.0,Pass,Neutral,
2026-08-18,MTSI,Fabless,Semiconductors,58.0,20.0,Pass,Neutral,
2026-08-18,CRUS,Fabless,Semiconductors,73.8,100.0,Buy,Neutral,
2026-08-18,SIMO,Fabless,Semiconductors,49.2,60.0,Avoid,Neutral,
2026-08-18,MXL,Fabless,Semiconductors,38.4,20.0,Pass,Neutral,
2026-08-18,RMBS,Fabless,Semiconductors,82.8,60.0,Buy,Enabler,
2026-08-18,SITM,Fabless,Semiconductors,52.6,20.0,Pass,Enabler,
2026-08-18,PI,Fabless,Semiconductors,57.0,40.0,Pass,Neutral,
2026-08-18,AMBA,Fabless,Semiconductors,48.7,40.0,Pass,Enabler,
2026-08-18,ASML,Equipment,Semiconductors,81.0,40.0,Watch,Enabler,
2026-08-18,LRCX,Equipment,Semiconductors,83.4,20.0,Watch,Enabler,
2026-08-18,KLAC,Equipment,Semiconductors,75.6,40.0,Watch,Enabler,
2026-08-18,AMAT,Equipment,Semiconductors,65.2,20.0,Watch,Enabler,
2026-08-18,ENTG,Equipment,Semiconductors,60.4,60.0,Buy,Enabler,
2026-08-18,MKSI,Equipment,Semiconductors,57.2,60.0,Avoid,Enabler,
2026-08-18,ACLS,Equipment,Semiconductors,51.2,40.0,Pass,Neutral,
2026-08-18,UCTT,Equipment,Semiconductors,30.0,100.0,Avoid,Neutral,
2026-08-18,ICHR,Equipment,Semiconductors,31.6,20.0,Pass,Neutral,
2026-08-18,COHU,Equipment,Semiconductors,46.8,60.0,Avoid,Neutral,
2026-08-18,FORM,Equipment,Semiconductors,55.8,40.0,Pass,Neutral,
2026-08-18,ONTO,Equipment,Semiconductors,66.6,40.0,Watch,Neutral,
2026-08-18,NVMI,Equipment,Semiconductors,68.2,20.0,Watch,Neutral,
2026-08-18,CAMT,Equipment,Semiconductors,73.3,40.0,Watch,Neutral,
2026-08-18,TER,Equipment,Semiconductors,65.2,20.0,Watch,Neutral,
2026-08-18,KEYS,Equipment,Semiconductors,58.2,60.0,Avoid,Enabler,
2026-08-18,INTC,IDM,Semiconductors,49.2,20.0,Pass,Exposed,
2026-08-18,TXN,IDM,Semiconductors,60.8,40.0,Watch,Neutral,
2026-08-18,NXPI,IDM,Semiconductors,60.2,100.0,Buy,Compounder,
2026-08-18,STM,IDM,Semiconductors,38.6,20.0,Pass,Neutral,
2026-08-18,ADI,IDM,Semiconductors,70.2,60.0,Buy,Compounder,
2026-08-18,ON,IDM,Semiconductors,54.8,100.0,Avoid,Compounder,
2026-08-18,WOLF,IDM,Semiconductors,33.7,80.0,Avoid,Neutral,
2026-08-18,MU,Memory,Semiconductors,62.4,20.0,Watch,Enabler,
2026-08-18,WDC,Memory,Semiconductors,86.2,40.0,Watch,Neutral,
2026-08-18,STX,Memory,Semiconductors,81.4,20.0,Watch,Neutral,
2026-08-18,SNPS,EDA_IP,Semiconductors,57.0,80.0,Avoid,Enabler,
2026-08-18,CDNS,EDA_IP,Semiconductors,66.2,60.0,Buy,Enabler,
2026-08-18,AVT,SUPPLY_CHAIN,Semiconductors,33.1,100.0,Avoid,Neutral,
2026-08-18,ARW,SUPPLY_CHAIN,Semiconductors,38.0,100.0,Avoid,Neutral,
2026-08-18,CDW,SUPPLY_CHAIN,Semiconductors,47.0,80.0,Avoid,Neutral,
2026-08-18,AMZN,Hyperscaler,Cloud,62.6,80.0,Buy,Enabler,
2026-08-18,MSFT,Hyperscaler,Cloud,70.4,40.0,Watch,Compounder,
2026-08-18,GOOGL,Hyperscaler,Cloud,67.4,60.0,Buy,Compounder,
2026-08-18,ORCL,Hyperscaler,Cloud,53.2,60.0,Avoid,Compounder,
2026-08-18,ESTC,Cloud_Data,Cloud,70.3,100.0,Buy,Compounder,
2026-08-18,AKAM,Cloud_Data,Cloud,50.2,80.0,Avoid,Neutral,
2026-08-18,GDDY,Cloud_Data,Cloud,64.0,100.0,Buy,Neutral,
2026-08-18,FFIV,Cloud_Data,Cloud,70.0,80.0,Buy,Neutral,
2026-08-18,VRSN,Cloud_Data,Cloud,84.8,60.0,Buy,Neutral,
2026-08-18,FSLY,Cloud_Data,Cloud,63.4,80.0,Buy,Neutral,
2026-08-18,ANET,Network_Hardware,Cloud,93.0,40.0,Watch,Enabler,
2026-08-18,CRM,Enterprise_SaaS,SaaS,83.0,60.0,Buy,Compounder,
2026-08-18,HUBS,Enterprise_SaaS,SaaS,65.8,80.0,Buy,Compounder,
2026-08-18,WDAY,Enterprise_SaaS,SaaS,80.4,60.0,Buy,Exposed,
2026-08-18,INTU,Enterprise_SaaS,SaaS,78.6,60.0,Buy,Compounder,
2026-08-18,NOW,Enterprise_SaaS,SaaS,76.0,40.0,Watch,Compounder,
2026-08-18,ADBE,Enterprise_SaaS,SaaS,81.8,60.0,Buy,Compounder,
2026-08-18,TEAM,Enterprise_SaaS,SaaS,75.4,60.0,Buy,Compounder,
2026-08-18,SAP,Enterprise_SaaS,SaaS,70.4,60.0,Buy,Exposed,
2026-08-18,PAYC,Enterprise_SaaS,SaaS,62.4,60.0,Buy,Neutral,
2026-08-18,PCTY,Enterprise_SaaS,SaaS,66.2,60.0,Buy,Neutral,
2026-08-18,NICE,Enterprise_SaaS,SaaS,65.0,100.0,Buy,Compounder,
2026-08-18,ADP,Enterprise_SaaS,SaaS,63.0,60.0,Buy,Neutral,
2026-08-18,PAYX,Enterprise_SaaS,SaaS,74.8,40.0,Watch,Neutral,
2026-08-18,FIVN,Enterprise_SaaS,SaaS,60.6,80.0,Buy,Exposed,
2026-08-18,SSNC,Enterprise_SaaS,SaaS,56.2,60.0,Avoid,Neutral,
2026-08-18,MANH,Enterprise_SaaS,SaaS,72.4,40.0,Watch,Neutral,
2026-08-18,GTLB,DevOps,SaaS,86.0,60.0,Buy,Compounder,
2026-08-18,PD,DevOps,SaaS,70.4,100.0,Buy,Neutral,
2026-08-18,PLTR,Enterprise_AI,SaaS,94.4,20.0,Watch,Disruptor,
2026-08-18,SNOW,Enterprise_AI,SaaS,82.6,40.0,Watch,Disruptor,
2026-08-18,DDOG,Enterprise_AI,SaaS,79.2,40.0,Watch,Compounder,
2026-08-18,MDB,Enterprise_AI,SaaS,73.0,60.0,Buy,Compounder,
2026-08-18,ZS,Enterprise_AI,SaaS,82.4,80.0,Buy,Compounder,
2026-08-18,VEEV,Vertical_SaaS,SaaS,88.4,80.0,Buy,Compounder,
2026-08-18,IOT,Vertical_SaaS,SaaS,73.0,60.0,Buy,Enabler,
2026-08-18,PTC,Vertical_SaaS,SaaS,86.0,80.0,Buy,Compounder,
2026-08-18,TYL,Vertical_SaaS,SaaS,66.8,80.0,Buy,Neutral,
2026-08-18,ADSK,Vertical_SaaS,SaaS,83.2,80.0,Buy,Compounder,
2026-08-18,JKHY,Vertical_SaaS,SaaS,62.0,100.0,Buy,Neutral,
2026-08-18,BR,Vertical_SaaS,SaaS,58.4,100.0,Avoid,Neutral,
2026-08-18,TRMB,Vertical_SaaS,SaaS,71.4,100.0,Buy,Compounder,
2026-08-18,MSI,Vertical_SaaS,SaaS,70.8,80.0,Buy,Compounder,
2026-08-18,PCOR,Vertical_SaaS,SaaS,73.8,80.0,Buy,Neutral,
2026-08-18,NCNO,Vertical_SaaS,SaaS,70.0,100.0,Buy,Neutral,
2026-08-18,SHOP,Vertical_SaaS,SaaS,60.6,60.0,Buy,Compounder,
2026-08-18,ZM,Collaboration,SaaS,82.8,60.0,Buy,Exposed,
2026-08-18,DBX,Collaboration,SaaS,80.0,60.0,Buy,Neutral,
2026-08-18,BOX,Collaboration,SaaS,62.8,40.0,Watch,Exposed,
2026-08-18,MSCI,Data_Analytics,SaaS,82.8,60.0,Buy,Compounder,
2026-08-18,FICO,Data_Analytics,SaaS,83.2,60.0,Buy,Compounder,
2026-08-18,VRSK,Data_Analytics,SaaS,84.0,80.0,Buy,Compounder,
2026-08-18,SPGI,Data_Analytics,SaaS,89.6,80.0,Buy,Compounder,
2026-08-18,MCO,Data_Analytics,SaaS,89.6,60.0,Buy,Compounder,
2026-08-18,CSGP,Data_Analytics,SaaS,64.4,100.0,Buy,Compounder,
2026-08-18,ACN,IT_Services,SaaS,63.0,100.0,Buy,Compounder,
2026-08-18,CTSH,IT_Services,SaaS,50.0,100.0,Avoid,Exposed,
2026-08-18,APP,Ad_Platform,SaaS,97.0,60.0,Buy,Disruptor,
2026-08-18,TTD,Ad_Platform,SaaS,69.0,100.0,Buy,Compounder,
2026-08-18,V,Payment_Network,SaaS,90.0,80.0,Buy,Neutral,
2026-08-18,MA,Payment_Network,SaaS,91.0,80.0,Buy,Neutral,
2026-08-18,CRWD,ENDPOINT,Cybersecurity,76.8,20.0,Watch,Compounder,
2026-08-18,S,ENDPOINT,Cybersecurity,78.8,80.0,Buy,Compounder,
2026-08-18,PANW,NETWORK,Cybersecurity,73.4,40.0,Watch,Compounder,
2026-08-18,FTNT,NETWORK,Cybersecurity,85.4,60.0,Buy,Compounder,
2026-08-18,CHKP,NETWORK,Cybersecurity,70.2,100.0,Buy,Neutral,
2026-08-18,OKTA,IDENTITY,Cybersecurity,78.0,80.0,Buy,Compounder,
2026-08-18,SAIL,IDENTITY,Cybersecurity,70.6,80.0,Buy,Compounder,
2026-08-18,QLYS,DATA_SEC,Cybersecurity,82.8,80.0,Buy,Neutral,
2026-08-18,VRNT,DATA_SEC,Cybersecurity,55.1,100.0,Avoid,Neutral,
2026-08-18,TENB,DATA_SEC,Cybersecurity,66.0,100.0,Buy,Compounder,
2026-08-18,GEN,DATA_SEC,Cybersecurity,84.0,100.0,Buy,Neutral,
2026-08-18,VRNS,DATA_SEC,Cybersecurity,60.9,80.0,Buy,Compounder,
2026-08-18,RPD,DATA_SEC,Cybersecurity,57.0,100.0,Avoid,Neutral,
2026-08-21,TSM,Foundry,Semiconductors,77.4,40.0,Watch,Enabler,
2026-08-21,UMC,Foundry,Semiconductors,52.6,60.0,Avoid,Enabler,
2026-08-21,NVDA,Fabless,Semiconductors,94.4,20.0,Watch,Enabler,
2026-08-21,AMD,Fabless,Semiconductors,67.4,40.0,Watch,Enabler,
2026-08-21,AVGO,Fabless,Semiconductors,75.4,40.0,Watch,Compounder,
2026-08-21,MRVL,Fabless,Semiconductors,69.2,40.0,Watch,Compounder,
2026-08-21,MPWR,Fabless,Semiconductors,71.4,20.0,Watch,Compounder,
2026-08-21,ARM,Fabless,Semiconductors,60.2,20.0,Watch,Enabler,
2026-08-21,MTSI,Fabless,Semiconductors,58.0,20.0,Pass,Neutral,
2026-08-21,SIMO,Fabless,Semiconductors,49.2,60.0,Avoid,Neutral,
2026-08-21,RMBS,Fabless,Semiconductors,82.8,60.0,Buy,Enabler,
2026-08-21,SITM,Fabless,Semiconductors,52.6,20.0,Pass,Enabler,
2026-08-21,AMBA,Fabless,Semiconductors,48.7,40.0,Pass,Enabler,
2026-08-21,ASML,Equipment,Semiconductors,81.0,40.0,Watch,Enabler,
2026-08-21,LRCX,Equipment,Semiconductors,83.4,20.0,Watch,Enabler,
2026-08-21,KLAC,Equipment,Semiconductors,75.6,40.0,Watch,Enabler,
2026-08-21,AMAT,Equipment,Semiconductors,65.2,20.0,Watch,Enabler,
2026-08-21,ENTG,Equipment,Semiconductors,60.4,60.0,Buy,Enabler,
2026-08-21,MKSI,Equipment,Semiconductors,57.2,60.0,Avoid,Enabler,
2026-08-21,ACLS,Equipment,Semiconductors,51.2,40.0,Pass,Neutral,
2026-08-21,UCTT,Equipment,Semiconductors,30.0,100.0,Avoid,Neutral,
2026-08-21,ICHR,Equipment,Semiconductors,31.6,20.0,Pass,Neutral,
2026-08-21,COHU,Equipment,Semiconductors,46.8,60.0,Avoid,Neutral,
2026-08-21,FORM,Equipment,Semiconductors,55.8,40.0,Pass,Neutral,
2026-08-21,ONTO,Equipment,Semiconductors,66.6,40.0,Watch,Neutral,
2026-08-21,NVMI,Equipment,Semiconductors,68.2,20.0,Watch,Neutral,
2026-08-21,CAMT,Equipment,Semiconductors,73.3,40.0,Watch,Neutral,
2026-08-21,TER,Equipment,Semiconductors,65.2,20.0,Watch,Neutral,
2026-08-21,KEYS,Equipment,Semiconductors,63.0,80.0,Buy,Enabler,
2026-08-21,INTC,IDM,Semiconductors,49.2,20.0,Pass,Exposed,
2026-08-21,MU,Memory,Semiconductors,62.4,20.0,Watch,Enabler,
2026-08-21,WDC,Memory,Semiconductors,86.2,40.0,Watch,Neutral,
2026-08-21,STX,Memory,Semiconductors,81.4,20.0,Watch,Neutral,
2026-08-21,SNPS,EDA_IP,Semiconductors,57.0,80.0,Avoid,Enabler,
2026-08-21,CDNS,EDA_IP,Semiconductors,66.2,60.0,Buy,Enabler,
2026-08-21,AMZN,Hyperscaler,Cloud,62.6,80.0,Buy,Enabler,
2026-08-21,MSFT,Hyperscaler,Cloud,70.4,40.0,Watch,Compounder,
2026-08-21,GOOGL,Hyperscaler,Cloud,67.4,60.0,Buy,Compounder,
2026-08-21,ORCL,Hyperscaler,Cloud,53.2,60.0,Avoid,Compounder,
2026-08-21,ANET,Network_Hardware,Cloud,93.0,40.0,Watch,Enabler,
2026-08-21,VRT,Data_Center_Infra,Cloud,80.0,60.0,Buy,Enabler,
2026-08-21,CRM,Enterprise_SaaS,SaaS,83.0,60.0,Buy,Compounder,
2026-08-21,HUBS,Enterprise_SaaS,SaaS,65.8,80.0,Buy,Compounder,
2026-08-21,WDAY,Enterprise_SaaS,SaaS,80.4,60.0,Buy,Exposed,
2026-08-21,INTU,Enterprise_SaaS,SaaS,78.6,60.0,Buy,Compounder,
2026-08-21,NOW,Enterprise_SaaS,SaaS,76.0,40.0,Watch,Compounder,
2026-08-21,ADBE,Enterprise_SaaS,SaaS,81.8,60.0,Buy,Compounder,
2026-08-21,TEAM,Enterprise_SaaS,SaaS,75.4,60.0,Buy,Compounder,
2026-08-21,SAP,Enterprise_SaaS,SaaS,70.4,60.0,Buy,Exposed,
2026-08-21,PAYC,Enterprise_SaaS,SaaS,62.4,60.0,Buy,Neutral,
2026-08-21,PCTY,Enterprise_SaaS,SaaS,66.2,60.0,Buy,Neutral,
2026-08-21,NICE,Enterprise_SaaS,SaaS,65.0,100.0,Buy,Compounder,
2026-08-21,ADP,Enterprise_SaaS,SaaS,63.0,60.0,Buy,Neutral,
2026-08-21,PAYX,Enterprise_SaaS,SaaS,74.8,20.0,Watch,Neutral,
2026-08-21,FIVN,Enterprise_SaaS,SaaS,60.6,80.0,Buy,Exposed,
2026-08-21,SSNC,Enterprise_SaaS,SaaS,56.2,60.0,Avoid,Neutral,
2026-08-21,MANH,Enterprise_SaaS,SaaS,72.4,40.0,Watch,Neutral,
2026-08-21,GTLB,DevOps,SaaS,86.0,60.0,Buy,Compounder,
2026-08-21,PD,DevOps,SaaS,70.4,100.0,Buy,Neutral,
2026-08-21,PLTR,Enterprise_AI,SaaS,94.4,20.0,Watch,Disruptor,
2026-08-21,SNOW,Enterprise_AI,SaaS,82.6,40.0,Watch,Disruptor,
2026-08-21,DDOG,Enterprise_AI,SaaS,79.2,40.0,Watch,Compounder,
2026-08-21,MDB,Enterprise_AI,SaaS,73.0,60.0,Buy,Compounder,
2026-08-21,ZS,Enterprise_AI,SaaS,82.4,80.0,Buy,Compounder,
2026-08-21,CRWD,ENDPOINT,Cybersecurity,76.8,40.0,Watch,Compounder,
2026-08-21,S,ENDPOINT,Cybersecurity,78.8,80.0,Buy,Compounder,
2026-08-21,PANW,NETWORK,Cybersecurity,73.4,40.0,Watch,Compounder,
2026-08-21,FTNT,NETWORK,Cybersecurity,85.4,60.0,Buy,Compounder,
2026-08-21,CHKP,NETWORK,Cybersecurity,70.2,100.0,Buy,Neutral,
2026-08-21,OKTA,IDENTITY,Cybersecurity,78.0,80.0,Buy,Compounder,
2026-08-21,SAIL,IDENTITY,Cybersecurity,70.6,80.0,Buy,Compounder,
2026-08-21,QLYS,DATA_SEC,Cybersecurity,82.8,80.0,Buy,Neutral,
2026-08-21,VRNT,DATA_SEC,Cybersecurity,55.1,100.0,Avoid,Neutral,
2026-08-21,TENB,DATA_SEC,Cybersecurity,66.0,100.0,Buy,Compounder,
2026-08-21,GEN,DATA_SEC,Cybersecurity,84.0,100.0,Buy,Neutral,
2026-08-21,VRNS,DATA_SEC,Cybersecurity,60.9,80.0,Buy,Compounder,
2026-08-21,RPD,DATA_SEC,Cybersecurity,57.0,100.0,Avoid,Neutral,
2026-08-22,TSM,Foundry,Semiconductors,77.4,40.0,Watch,Enabler,
2026-08-22,UMC,Foundry,Semiconductors,52.6,60.0,Avoid,Enabler,
2026-08-22,NVDA,Fabless,Semiconductors,94.4,20.0,Watch,Enabler,
2026-08-22,AMD,Fabless,Semiconductors,67.4,40.0,Watch,Enabler,
2026-08-22,AVGO,Fabless,Semiconductors,75.4,40.0,Watch,Compounder,
2026-08-22,MRVL,Fabless,Semiconductors,69.2,40.0,Watch,Compounder,
2026-08-22,MPWR,Fabless,Semiconductors,71.4,20.0,Watch,Compounder,
2026-08-22,ARM,Fabless,Semiconductors,60.2,20.0,Watch,Enabler,
2026-08-22,MTSI,Fabless,Semiconductors,58.0,20.0,Pass,Neutral,
2026-08-22,SIMO,Fabless,Semiconductors,49.2,60.0,Avoid,Neutral,
2026-08-22,RMBS,Fabless,Semiconductors,82.8,60.0,Buy,Enabler,
2026-08-22,SITM,Fabless,Semiconductors,52.6,20.0,Pass,Enabler,
2026-08-22,AMBA,Fabless,Semiconductors,48.7,40.0,Pass,Enabler,
2026-08-22,ASML,Equipment,Semiconductors,81.0,40.0,Watch,Enabler,
2026-08-22,LRCX,Equipment,Semiconductors,83.4,20.0,Watch,Enabler,
2026-08-22,KLAC,Equipment,Semiconductors,75.6,40.0,Watch,Enabler,
2026-08-22,AMAT,Equipment,Semiconductors,65.2,20.0,Watch,Enabler,
2026-08-22,ENTG,Equipment,Semiconductors,60.4,60.0,Buy,Enabler,
2026-08-22,MKSI,Equipment,Semiconductors,57.2,60.0,Avoid,Enabler,
2026-08-22,ACLS,Equipment,Semiconductors,51.2,40.0,Pass,Neutral,
2026-08-22,UCTT,Equipment,Semiconductors,30.0,100.0,Avoid,Neutral,
2026-08-22,ICHR,Equipment,Semiconductors,31.6,20.0,Pass,Neutral,
2026-08-22,COHU,Equipment,Semiconductors,46.8,60.0,Avoid,Neutral,
2026-08-22,FORM,Equipment,Semiconductors,55.8,40.0,Pass,Neutral,
2026-08-22,ONTO,Equipment,Semiconductors,66.6,40.0,Watch,Neutral,
2026-08-22,NVMI,Equipment,Semiconductors,68.2,20.0,Watch,Neutral,
2026-08-22,CAMT,Equipment,Semiconductors,73.3,40.0,Watch,Neutral,
2026-08-22,TER,Equipment,Semiconductors,65.2,20.0,Watch,Neutral,
2026-08-22,KEYS,Equipment,Semiconductors,63.0,80.0,Buy,Enabler,
2026-08-22,INTC,IDM,Semiconductors,49.2,20.0,Pass,Exposed,
2026-08-22,MU,Memory,Semiconductors,62.4,20.0,Watch,Enabler,
2026-08-22,WDC,Memory,Semiconductors,86.2,40.0,Watch,Neutral,
2026-08-22,STX,Memory,Semiconductors,81.4,20.0,Watch,Neutral,
2026-08-22,SNPS,EDA_IP,Semiconductors,57.0,80.0,Avoid,Enabler,
2026-08-22,CDNS,EDA_IP,Semiconductors,66.2,60.0,Buy,Enabler,
2026-08-22,AMZN,Hyperscaler,Cloud,62.6,80.0,Buy,Enabler,
2026-08-22,MSFT,Hyperscaler,Cloud,70.4,40.0,Watch,Compounder,
2026-08-22,GOOGL,Hyperscaler,Cloud,67.4,60.0,Buy,Compounder,
2026-08-22,ORCL,Hyperscaler,Cloud,53.2,60.0,Avoid,Compounder,
2026-08-22,ANET,Network_Hardware,Cloud,93.0,40.0,Watch,Enabler,
2026-08-22,VRT,Data_Center_Infra,Cloud,80.0,60.0,Buy,Enabler,
2026-08-22,SMCI,Data_Center_Infra,Cloud,59.6,100.0,Avoid,Enabler,
2026-08-22,CLS,Data_Center_Infra,Cloud,58.4,60.0,Avoid,Enabler,
2026-08-22,NBIS,Neocloud,Cloud,63.2,20.0,Watch,Enabler,
2026-08-22,CRWV,Neocloud,Cloud,69.6,80.0,Buy,Enabler,
2026-08-22,IREN,Power_Campus,Cloud,56.8,80.0,Avoid,Enabler,
2026-08-22,APLD,Power_Campus,Cloud,59.5,80.0,Avoid,Enabler,
2026-08-22,CRM,Enterprise_SaaS,SaaS,83.0,60.0,Buy,Compounder,
2026-08-22,HUBS,Enterprise_SaaS,SaaS,65.8,80.0,Buy,Compounder,
2026-08-22,WDAY,Enterprise_SaaS,SaaS,80.4,60.0,Buy,Exposed,
2026-08-22,INTU,Enterprise_SaaS,SaaS,78.6,60.0,Buy,Compounder,
2026-08-22,NOW,Enterprise_SaaS,SaaS,76.0,40.0,Watch,Compounder,
2026-08-22,ADBE,Enterprise_SaaS,SaaS,81.8,60.0,Buy,Compounder,
2026-08-22,TEAM,Enterprise_SaaS,SaaS,75.4,60.0,Buy,Compounder,
2026-08-22,SAP,Enterprise_SaaS,SaaS,70.4,60.0,Buy,Exposed,
2026-08-22,PAYC,Enterprise_SaaS,SaaS,62.4,60.0,Buy,Neutral,
2026-08-22,PCTY,Enterprise_SaaS,SaaS,66.2,60.0,Buy,Neutral,
2026-08-22,NICE,Enterprise_SaaS,SaaS,65.0,100.0,Buy,Compounder,
2026-08-22,ADP,Enterprise_SaaS,SaaS,63.0,60.0,Buy,Neutral,
2026-08-22,PAYX,Enterprise_SaaS,SaaS,74.8,20.0,Watch,Neutral,
2026-08-22,FIVN,Enterprise_SaaS,SaaS,60.6,80.0,Buy,Exposed,
2026-08-22,SSNC,Enterprise_SaaS,SaaS,56.2,60.0,Avoid,Neutral,
2026-08-22,MANH,Enterprise_SaaS,SaaS,72.4,40.0,Watch,Neutral,
2026-08-22,GTLB,DevOps,SaaS,86.0,60.0,Buy,Compounder,
2026-08-22,PD,DevOps,SaaS,70.4,100.0,Buy,Neutral,
2026-08-22,PLTR,Enterprise_AI,SaaS,94.4,20.0,Watch,Disruptor,
2026-08-22,SNOW,Enterprise_AI,SaaS,82.6,40.0,Watch,Disruptor,
2026-08-22,DDOG,Enterprise_AI,SaaS,79.2,40.0,Watch,Compounder,
2026-08-22,MDB,Enterprise_AI,SaaS,73.0,60.0,Buy,Compounder,
2026-08-22,ZS,Enterprise_AI,SaaS,82.4,80.0,Buy,Compounder,
2026-08-22,CRWD,ENDPOINT,Cybersecurity,76.8,40.0,Watch,Compounder,
2026-08-22,S,ENDPOINT,Cybersecurity,78.8,80.0,Buy,Compounder,
2026-08-22,PANW,NETWORK,Cybersecurity,73.4,40.0,Watch,Compounder,
2026-08-22,FTNT,NETWORK,Cybersecurity,85.4,60.0,Buy,Compounder,
2026-08-22,CHKP,NETWORK,Cybersecurity,70.2,100.0,Buy,Neutral,
2026-08-22,OKTA,IDENTITY,Cybersecurity,78.0,80.0,Buy,Compounder,
2026-08-22,SAIL,IDENTITY,Cybersecurity,70.6,80.0,Buy,Compounder,
2026-08-22,QLYS,DATA_SEC,Cybersecurity,82.8,80.0,Buy,Neutral,
2026-08-22,VRNT,DATA_SEC,Cybersecurity,55.1,100.0,Avoid,Neutral,
2026-08-22,TENB,DATA_SEC,Cybersecurity,66.0,100.0,Buy,Compounder,
2026-08-22,GEN,DATA_SEC,Cybersecurity,84.0,100.0,Buy,Neutral,
2026-08-22,VRNS,DATA_SEC,Cybersecurity,60.9,80.0,Buy,Compounder,
2026-08-22,RPD,DATA_SEC,Cybersecurity,57.0,100.0,Avoid,Neutral,
2026-08-24,TSM,Foundry,Semiconductors,77.4,40.0,Watch,Enabler,410.12
2026-08-24,UMC,Foundry,Semiconductors,52.6,60.0,Avoid,Enabler,19.05
2026-08-24,NVDA,Fabless,Semiconductors,94.4,20.0,Watch,Enabler,208.48
2026-08-24,AMD,Fabless,Semiconductors,67.4,40.0,Watch,Enabler,456.745
2026-08-24,AVGO,Fabless,Semiconductors,75.4,40.0,Watch,Compounder,358.76
2026-08-24,MRVL,Fabless,Semiconductors,69.2,40.0,Watch,Compounder,229.29
2026-08-24,MPWR,Fabless,Semiconductors,71.4,20.0,Watch,Compounder,1285.03
2026-08-24,ARM,Fabless,Semiconductors,60.2,20.0,Watch,Enabler,238.78
2026-08-24,MTSI,Fabless,Semiconductors,58.0,20.0,Pass,Neutral,257.43
2026-08-24,SIMO,Fabless,Semiconductors,49.2,60.0,Avoid,Neutral,243.18
2026-08-24,RMBS,Fabless,Semiconductors,82.8,60.0,Buy,Enabler,87.07
2026-08-24,SITM,Fabless,Semiconductors,52.6,20.0,Pass,Enabler,580.97
2026-08-24,AMBA,Fabless,Semiconductors,48.7,60.0,Avoid,Enabler,70.0
2026-08-24,ASML,Equipment,Semiconductors,81.0,40.0,Watch,Enabler,1740.13
2026-08-24,LRCX,Equipment,Semiconductors,83.4,20.0,Watch,Enabler,310.17
2026-08-24,KLAC,Equipment,Semiconductors,75.6,40.0,Watch,Enabler,181.57
2026-08-24,AMAT,Equipment,Semiconductors,65.2,20.0,Watch,Enabler,484.19
2026-08-24,ENTG,Equipment,Semiconductors,60.4,60.0,Buy,Enabler,138.25
2026-08-24,MKSI,Equipment,Semiconductors,57.2,60.0,Avoid,Enabler,269.06
2026-08-24,ACLS,Equipment,Semiconductors,51.2,40.0,Pass,Neutral,123.49
2026-08-24,UCTT,Equipment,Semiconductors,30.0,100.0,Avoid,Neutral,72.78
2026-08-24,ICHR,Equipment,Semiconductors,31.6,20.0,Pass,Neutral,56.91
2026-08-24,COHU,Equipment,Semiconductors,46.8,80.0,Avoid,Neutral,51.3
2026-08-24,FORM,Equipment,Semiconductors,55.8,40.0,Pass,Neutral,107.9
2026-08-24,ONTO,Equipment,Semiconductors,66.6,40.0,Watch,Neutral,282.91
2026-08-24,NVMI,Equipment,Semiconductors,68.2,20.0,Watch,Neutral,362.75
2026-08-24,CAMT,Equipment,Semiconductors,73.3,40.0,Watch,Neutral,142.33
2026-08-24,TER,Equipment,Semiconductors,65.2,20.0,Watch,Neutral,364.9
2026-08-24,KEYS,Equipment,Semiconductors,63.0,80.0,Buy,Enabler,310.66
2026-08-24,INTC,IDM,Semiconductors,49.2,40.0,Pass,Exposed,87.26
2026-08-24,MU,Memory,Semiconductors,62.4,20.0,Watch,Enabler,910.43
2026-08-24,WDC,Memory,Semiconductors,86.2,40.0,Watch,Neutral,435.38
2026-08-24,STX,Memory,Semiconductors,81.4,40.0,Watch,Neutral,794.65
2026-08-24,SNPS,EDA_IP,Semiconductors,57.0,80.0,Avoid,Enabler,394.51
2026-08-24,CDNS,EDA_IP,Semiconductors,66.2,60.0,Buy,Enabler,315.92
2026-08-24,AMZN,Hyperscaler,Cloud,62.6,80.0,Buy,Enabler,262.07
2026-08-24,MSFT,Hyperscaler,Cloud,70.4,40.0,Watch,Compounder,487.31
2026-08-24,GOOGL,Hyperscaler,Cloud,67.4,60.0,Buy,Compounder,348.06
2026-08-24,ORCL,Hyperscaler,Cloud,53.2,60.0,Avoid,Compounder,142.45
2026-08-24,ANET,Network_Hardware,Cloud,93.0,40.0,Watch,Enabler,188.15
2026-08-24,VRT,Data_Center_Infra,Cloud,80.0,60.0,Buy,Enabler,254.97
2026-08-24,SMCI,Data_Center_Infra,Cloud,59.6,100.0,Avoid,Enabler,35.17
2026-08-24,CLS,Data_Center_Infra,Cloud,58.4,60.0,Avoid,Enabler,294.57
2026-08-24,NBIS,Neocloud,Cloud,63.2,20.0,Watch,Enabler,210.91
2026-08-24,CRWV,Neocloud,Cloud,69.6,80.0,Buy,Enabler,86.25
2026-08-24,IREN,Power_Campus,Cloud,56.8,80.0,Avoid,Enabler,39.81
2026-08-24,APLD,Power_Campus,Cloud,59.5,80.0,Avoid,Enabler,26.89
2026-08-24,CRM,Enterprise_SaaS,SaaS,83.0,60.0,Buy,Compounder,209.06
2026-08-24,HUBS,Enterprise_SaaS,SaaS,65.8,80.0,Buy,Compounder,244.17
2026-08-24,WDAY,Enterprise_SaaS,SaaS,80.4,60.0,Buy,Exposed,199.15
2026-08-24,INTU,Enterprise_SaaS,SaaS,78.6,60.0,Buy,Compounder,369.92
2026-08-24,NOW,Enterprise_SaaS,SaaS,76.0,40.0,Watch,Compounder,128.05
2026-08-24,ADBE,Enterprise_SaaS,SaaS,81.8,60.0,Buy,Compounder,276.27
2026-08-24,TEAM,Enterprise_SaaS,SaaS,75.4,60.0,Buy,Compounder,171.33
2026-08-24,SAP,Enterprise_SaaS,SaaS,70.4,60.0,Buy,Exposed,218.66
2026-08-24,PAYC,Enterprise_SaaS,SaaS,62.4,60.0,Buy,Neutral,229.62
2026-08-24,PCTY,Enterprise_SaaS,SaaS,66.2,60.0,Buy,Neutral,152.45
2026-08-24,NICE,Enterprise_SaaS,SaaS,65.0,100.0,Buy,Compounder,100.25
2026-08-24,ADP,Enterprise_SaaS,SaaS,63.0,60.0,Buy,Neutral,283.01
2026-08-24,PAYX,Enterprise_SaaS,SaaS,74.8,20.0,Watch,Neutral,126.01
2026-08-24,FIVN,Enterprise_SaaS,SaaS,60.6,80.0,Buy,Exposed,32.77
2026-08-24,SSNC,Enterprise_SaaS,SaaS,56.2,60.0,Avoid,Neutral,83.54
2026-08-24,MANH,Enterprise_SaaS,SaaS,72.4,40.0,Watch,Neutral,213.18
2026-08-24,GTLB,DevOps,SaaS,86.0,60.0,Buy,Compounder,42.03
2026-08-24,PD,DevOps,SaaS,70.4,100.0,Buy,Neutral,12.4
2026-08-24,PLTR,Enterprise_AI,SaaS,94.4,20.0,Watch,Disruptor,175.89
2026-08-24,SNOW,Enterprise_AI,SaaS,82.6,40.0,Watch,Disruptor,322.78
2026-08-24,DDOG,Enterprise_AI,SaaS,79.2,60.0,Buy,Compounder,225.77
2026-08-24,MDB,Enterprise_AI,SaaS,73.0,60.0,Buy,Compounder,402.69
2026-08-24,ZS,Enterprise_AI,SaaS,82.4,80.0,Buy,Compounder,176.06
2026-08-24,CRWD,ENDPOINT,Cybersecurity,76.8,40.0,Watch,Compounder,190.68
2026-08-24,S,ENDPOINT,Cybersecurity,78.8,80.0,Buy,Compounder,20.82
2026-08-24,PANW,NETWORK,Cybersecurity,73.4,40.0,Watch,Compounder,350.9
2026-08-24,FTNT,NETWORK,Cybersecurity,85.4,60.0,Buy,Compounder,151.99
2026-08-24,CHKP,NETWORK,Cybersecurity,70.2,100.0,Buy,Neutral,130.5
2026-08-24,OKTA,IDENTITY,Cybersecurity,78.0,80.0,Buy,Compounder,130.97
2026-08-24,SAIL,IDENTITY,Cybersecurity,70.6,80.0,Buy,Compounder,18.13
2026-08-24,QLYS,DATA_SEC,Cybersecurity,82.8,80.0,Buy,Neutral,178.46
2026-08-24,VRNT,DATA_SEC,Cybersecurity,55.1,100.0,Avoid,Neutral,20.51
2026-08-24,TENB,DATA_SEC,Cybersecurity,66.0,100.0,Buy,Compounder,33.94
2026-08-24,GEN,DATA_SEC,Cybersecurity,84.0,100.0,Buy,Neutral,29.11
2026-08-24,VRNS,DATA_SEC,Cybersecurity,60.9,80.0,Buy,Compounder,41.05
2026-08-24,RPD,DATA_SEC,Cybersecurity,57.0,100.0,Avoid,Neutral,12.19
2026-08-25,TSM,Foundry,Semiconductors,77.4,40.0,Watch,Enabler,417.41
2026-08-25,UMC,Foundry,Semiconductors,52.6,60.0,Avoid,Enabler,19.6
2026-08-25,NVDA,Fabless,Semiconductors,94.4,20.0,Watch,Enabler,213.05
2026-08-25,AMD,Fabless,Semiconductors,67.4,40.0,Watch,Enabler,479.18
2026-08-25,AVGO,Fabless,Semiconductors,75.4,40.0,Watch,Compounder,356.74
2026-08-25,MRVL,Fabless,Semiconductors,69.2,40.0,Watch,Compounder,240.38
2026-08-25,MPWR,Fabless,Semiconductors,71.4,20.0,Watch,Compounder,1304.15
2026-08-25,ARM,Fabless,Semiconductors,60.2,20.0,Watch,Enabler,241.56
2026-08-25,MTSI,Fabless,Semiconductors,58.0,20.0,Pass,Neutral,266.27
2026-08-25,SIMO,Fabless,Semiconductors,49.2,60.0,Avoid,Neutral,241.83
2026-08-25,RMBS,Fabless,Semiconductors,82.8,60.0,Buy,Enabler,89.86
2026-08-25,SITM,Fabless,Semiconductors,52.6,20.0,Pass,Enabler,594.1
2026-08-25,AMBA,Fabless,Semiconductors,48.7,60.0,Avoid,Enabler,70.78
2026-08-25,ASML,Equipment,Semiconductors,81.0,40.0,Watch,Enabler,1744.16
2026-08-25,LRCX,Equipment,Semiconductors,83.4,20.0,Watch,Enabler,314.66
2026-08-25,KLAC,Equipment,Semiconductors,75.6,40.0,Watch,Enabler,183.34
2026-08-25,AMAT,Equipment,Semiconductors,65.2,20.0,Watch,Enabler,480.04
2026-08-25,ENTG,Equipment,Semiconductors,60.4,60.0,Buy,Enabler,138.87
2026-08-25,MKSI,Equipment,Semiconductors,57.2,60.0,Avoid,Enabler,270.48
2026-08-25,ACLS,Equipment,Semiconductors,51.2,40.0,Pass,Neutral,125.4
2026-08-25,UCTT,Equipment,Semiconductors,30.0,100.0,Avoid,Neutral,73.32
2026-08-25,ICHR,Equipment,Semiconductors,31.6,20.0,Pass,Neutral,57.11
2026-08-25,COHU,Equipment,Semiconductors,46.8,80.0,Avoid,Neutral,50.61
2026-08-25,FORM,Equipment,Semiconductors,55.8,40.0,Pass,Neutral,107.72
2026-08-25,ONTO,Equipment,Semiconductors,66.6,40.0,Watch,Neutral,291.62
2026-08-25,NVMI,Equipment,Semiconductors,68.2,20.0,Watch,Neutral,368.26
2026-08-25,CAMT,Equipment,Semiconductors,73.3,40.0,Watch,Neutral,146.66
2026-08-25,TER,Equipment,Semiconductors,65.2,20.0,Watch,Neutral,366.43
2026-08-25,KEYS,Equipment,Semiconductors,63.0,80.0,Buy,Enabler,320.12
2026-08-25,INTC,IDM,Semiconductors,49.2,40.0,Pass,Exposed,87.48
2026-08-25,MU,Memory,Semiconductors,62.4,100.0,Buy,Enabler,932.97
2026-08-25,WDC,Memory,Semiconductors,86.2,40.0,Watch,Neutral,450.75
2026-08-25,STX,Memory,Semiconductors,81.4,40.0,Watch,Neutral,821.67
2026-08-25,SNPS,EDA_IP,Semiconductors,57.0,80.0,Avoid,Enabler,408.79
2026-08-25,CDNS,EDA_IP,Semiconductors,66.2,60.0,Buy,Enabler,331.9
2026-08-25,AMZN,Hyperscaler,Cloud,62.6,80.0,Buy,Enabler,261.06
2026-08-25,MSFT,Hyperscaler,Cloud,70.4,40.0,Watch,Compounder,491.71
2026-08-25,GOOGL,Hyperscaler,Cloud,67.4,60.0,Buy,Compounder,346.96
2026-08-25,ORCL,Hyperscaler,Cloud,53.2,60.0,Avoid,Compounder,144.76
2026-08-25,ANET,Network_Hardware,Cloud,93.0,40.0,Watch,Enabler,190.94
2026-08-25,VRT,Data_Center_Infra,Cloud,80.0,60.0,Buy,Enabler,255.75
2026-08-25,SMCI,Data_Center_Infra,Cloud,59.6,100.0,Avoid,Enabler,38.46
2026-08-25,CLS,Data_Center_Infra,Cloud,58.4,60.0,Avoid,Enabler,306.86
2026-08-25,NBIS,Neocloud,Cloud,63.2,20.0,Watch,Enabler,221.97
2026-08-25,CRWV,Neocloud,Cloud,69.6,80.0,Buy,Enabler,88.04
2026-08-25,IREN,Power_Campus,Cloud,56.8,80.0,Avoid,Enabler,42.21
2026-08-25,APLD,Power_Campus,Cloud,59.5,80.0,Avoid,Enabler,28.85
2026-08-25,CRM,Enterprise_SaaS,SaaS,83.0,100.0,Buy,Compounder,205.69
2026-08-25,HUBS,Enterprise_SaaS,SaaS,65.8,80.0,Buy,Compounder,237.69
2026-08-25,WDAY,Enterprise_SaaS,SaaS,80.4,60.0,Buy,Exposed,194.42
2026-08-25,INTU,Enterprise_SaaS,SaaS,78.6,60.0,Buy,Compounder,357.46
2026-08-25,NOW,Enterprise_SaaS,SaaS,76.0,40.0,Watch,Compounder,127.0
2026-08-25,ADBE,Enterprise_SaaS,SaaS,81.8,60.0,Buy,Compounder,273.92
2026-08-25,TEAM,Enterprise_SaaS,SaaS,75.4,60.0,Buy,Compounder,166.49
2026-08-25,SAP,Enterprise_SaaS,SaaS,70.4,60.0,Buy,Exposed,216.93
2026-08-25,PAYC,Enterprise_SaaS,SaaS,62.4,60.0,Buy,Neutral,231.7
2026-08-25,PCTY,Enterprise_SaaS,SaaS,66.2,60.0,Buy,Neutral,152.24
2026-08-25,NICE,Enterprise_SaaS,SaaS,65.0,100.0,Buy,Compounder,100.43
2026-08-25,ADP,Enterprise_SaaS,SaaS,63.0,60.0,Buy,Neutral,282.78
2026-08-25,PAYX,Enterprise_SaaS,SaaS,74.8,20.0,Watch,Neutral,124.99
2026-08-25,FIVN,Enterprise_SaaS,SaaS,60.6,80.0,Buy,Exposed,32.285
2026-08-25,SSNC,Enterprise_SaaS,SaaS,56.2,60.0,Avoid,Neutral,82.99
2026-08-25,MANH,Enterprise_SaaS,SaaS,72.4,40.0,Watch,Neutral,213.1
2026-08-25,GTLB,DevOps,SaaS,86.0,60.0,Buy,Compounder,41.66
2026-08-25,PD,DevOps,SaaS,70.4,100.0,Buy,Neutral,12.25
2026-08-25,PLTR,Enterprise_AI,SaaS,94.4,20.0,Watch,Disruptor,172.73
2026-08-25,SNOW,Enterprise_AI,SaaS,82.6,40.0,Watch,Disruptor,317.02
2026-08-25,DDOG,Enterprise_AI,SaaS,79.2,60.0,Buy,Compounder,222.99
2026-08-25,MDB,Enterprise_AI,SaaS,73.0,60.0,Buy,Compounder,404.92
2026-08-25,ZS,Enterprise_AI,SaaS,82.4,80.0,Buy,Compounder,168.42
2026-08-25,CRWD,ENDPOINT,Cybersecurity,76.8,40.0,Watch,Compounder,185.38
2026-08-25,S,ENDPOINT,Cybersecurity,78.8,80.0,Buy,Compounder,20.31
2026-08-25,PANW,NETWORK,Cybersecurity,73.4,40.0,Watch,Compounder,339.9
2026-08-25,FTNT,NETWORK,Cybersecurity,85.4,60.0,Buy,Compounder,153.66
2026-08-25,CHKP,NETWORK,Cybersecurity,70.2,100.0,Buy,Neutral,129.52
2026-08-25,OKTA,IDENTITY,Cybersecurity,78.0,80.0,Buy,Compounder,130.61
2026-08-25,SAIL,IDENTITY,Cybersecurity,70.6,80.0,Buy,Compounder,17.87
2026-08-25,QLYS,DATA_SEC,Cybersecurity,82.8,80.0,Buy,Neutral,175.94
2026-08-25,VRNT,DATA_SEC,Cybersecurity,55.1,100.0,Avoid,Neutral,20.51
2026-08-25,TENB,DATA_SEC,Cybersecurity,66.0,100.0,Buy,Compounder,32.79
2026-08-25,GEN,DATA_SEC,Cybersecurity,84.0,100.0,Buy,Neutral,29.31
2026-08-25,VRNS,DATA_SEC,Cybersecurity,60.9,80.0,Buy,Compounder,40.82
2026-08-25,RPD,DATA_SEC,Cybersecurity,57.0,100.0,Avoid,Neutral,12.13
2026-08-27,TSM,Foundry,Semiconductors,77.4,40.0,Watch,Enabler,417.69
2026-08-27,UMC,Foundry,Semiconductors,52.6,60.0,Avoid,Enabler,19.03
2026-08-27,NVDA,Fabless,Semiconductors,94.4,20.0,Watch,Enabler,209.66
2026-08-27,AMD,Fabless,Semiconductors,67.4,40.0,Watch,Enabler,480.93
2026-08-27,AVGO,Fabless,Semiconductors,75.4,40.0,Watch,Compounder,355.59
2026-08-27,MRVL,Fabless,Semiconductors,69.2,40.0,Watch,Compounder,245.11
2026-08-27,MPWR,Fabless,Semiconductors,71.4,20.0,Watch,Compounder,1303.88
2026-08-27,ARM,Fabless,Semiconductors,60.2,20.0,Watch,Enabler,251.06
2026-08-27,MTSI,Fabless,Semiconductors,58.0,20.0,Pass,Neutral,272.66
2026-08-27,SIMO,Fabless,Semiconductors,49.2,60.0,Avoid,Neutral,263.11
2026-08-27,RMBS,Fabless,Semiconductors,82.8,60.0,Buy,Enabler,90.03
2026-08-27,SITM,Fabless,Semiconductors,52.6,20.0,Pass,Enabler,596.97
2026-08-27,AMBA,Fabless,Semiconductors,48.7,60.0,Avoid,Enabler,69.64
2026-08-27,ASML,Equipment,Semiconductors,81.0,40.0,Watch,Enabler,1745.64
2026-08-27,LRCX,Equipment,Semiconductors,83.4,20.0,Watch,Enabler,312.88
2026-08-27,KLAC,Equipment,Semiconductors,75.6,40.0,Watch,Enabler,183.83
2026-08-27,AMAT,Equipment,Semiconductors,65.2,20.0,Watch,Enabler,479.76
2026-08-27,ENTG,Equipment,Semiconductors,60.4,60.0,Buy,Enabler,142.46
2026-08-27,MKSI,Equipment,Semiconductors,57.2,60.0,Avoid,Enabler,271.75
2026-08-27,ACLS,Equipment,Semiconductors,51.2,40.0,Pass,Neutral,120.36
2026-08-27,UCTT,Equipment,Semiconductors,30.0,100.0,Avoid,Neutral,73.08
2026-08-27,ICHR,Equipment,Semiconductors,31.6,20.0,Pass,Neutral,57.62
2026-08-27,COHU,Equipment,Semiconductors,46.8,80.0,Avoid,Neutral,51.06
2026-08-27,FORM,Equipment,Semiconductors,55.8,40.0,Pass,Neutral,108.1
2026-08-27,ONTO,Equipment,Semiconductors,66.6,40.0,Watch,Neutral,291.88
2026-08-27,NVMI,Equipment,Semiconductors,68.2,20.0,Watch,Neutral,366.35
2026-08-27,CAMT,Equipment,Semiconductors,73.3,40.0,Watch,Neutral,143.25
2026-08-27,TER,Equipment,Semiconductors,65.2,20.0,Watch,Neutral,363.1
2026-08-27,KEYS,Equipment,Semiconductors,63.0,80.0,Buy,Enabler,321.87
2026-08-27,INTC,IDM,Semiconductors,49.2,20.0,Pass,Exposed,88.24
2026-08-27,MU,Memory,Semiconductors,62.4,100.0,Buy,Enabler,938.4
2026-08-27,WDC,Memory,Semiconductors,86.2,40.0,Watch,Neutral,468.88
2026-08-27,STX,Memory,Semiconductors,81.4,40.0,Watch,Neutral,846.37
2026-08-27,SNPS,EDA_IP,Semiconductors,57.0,80.0,Avoid,Enabler,410.0
2026-08-27,CDNS,EDA_IP,Semiconductors,66.2,60.0,Buy,Enabler,334.68
2026-08-27,AMZN,Hyperscaler,Cloud,62.6,80.0,Buy,Enabler,260.28
2026-08-27,MSFT,Hyperscaler,Cloud,70.4,40.0,Watch,Compounder,496.37
2026-08-27,GOOGL,Hyperscaler,Cloud,67.4,60.0,Buy,Compounder,342.0
2026-08-27,ORCL,Hyperscaler,Cloud,53.2,60.0,Avoid,Compounder,148.87
2026-08-27,ANET,Network_Hardware,Cloud,93.0,40.0,Watch,Enabler,202.25
2026-08-27,VRT,Data_Center_Infra,Cloud,80.0,60.0,Buy,Enabler,263.81
2026-08-27,SMCI,Data_Center_Infra,Cloud,59.6,100.0,Avoid,Enabler,37.39
2026-08-27,CLS,Data_Center_Infra,Cloud,58.4,60.0,Avoid,Enabler,307.32
2026-08-27,NBIS,Neocloud,Cloud,63.2,20.0,Watch,Enabler,213.93
2026-08-27,CRWV,Neocloud,Cloud,69.6,80.0,Buy,Enabler,88.01
2026-08-27,IREN,Power_Campus,Cloud,56.8,80.0,Avoid,Enabler,39.58
2026-08-27,APLD,Power_Campus,Cloud,59.5,80.0,Avoid,Enabler,26.87
2026-08-27,CRM,Enterprise_SaaS,SaaS,83.0,100.0,Buy,Compounder,205.62
2026-08-27,HUBS,Enterprise_SaaS,SaaS,65.8,80.0,Buy,Compounder,237.08
2026-08-27,WDAY,Enterprise_SaaS,SaaS,80.4,60.0,Buy,Exposed,190.75
2026-08-27,INTU,Enterprise_SaaS,SaaS,78.6,60.0,Buy,Compounder,345.88
2026-08-27,NOW,Enterprise_SaaS,SaaS,76.0,40.0,Watch,Compounder,125.8
2026-08-27,ADBE,Enterprise_SaaS,SaaS,81.8,60.0,Buy,Compounder,273.47
2026-08-27,TEAM,Enterprise_SaaS,SaaS,75.4,60.0,Buy,Compounder,168.47
2026-08-27,SAP,Enterprise_SaaS,SaaS,70.4,60.0,Buy,Exposed,211.68
2026-08-27,PAYC,Enterprise_SaaS,SaaS,62.4,60.0,Buy,Neutral,232.31
2026-08-27,PCTY,Enterprise_SaaS,SaaS,66.2,60.0,Buy,Neutral,152.04
2026-08-27,NICE,Enterprise_SaaS,SaaS,65.0,100.0,Buy,Compounder,101.1
2026-08-27,ADP,Enterprise_SaaS,SaaS,63.0,60.0,Buy,Neutral,281.39
2026-08-27,PAYX,Enterprise_SaaS,SaaS,74.8,20.0,Watch,Neutral,124.88
2026-08-27,FIVN,Enterprise_SaaS,SaaS,60.6,80.0,Buy,Exposed,32.0
2026-08-27,SSNC,Enterprise_SaaS,SaaS,56.2,60.0,Avoid,Neutral,83.05
2026-08-27,MANH,Enterprise_SaaS,SaaS,72.4,40.0,Watch,Neutral,215.89
2026-08-27,GTLB,DevOps,SaaS,86.0,60.0,Buy,Compounder,41.31
2026-08-27,PD,DevOps,SaaS,70.4,100.0,Buy,Neutral,12.19
2026-08-27,PLTR,Enterprise_AI,SaaS,94.4,20.0,Watch,Disruptor,177.5
2026-08-27,SNOW,Enterprise_AI,SaaS,82.6,40.0,Watch,Disruptor,315.37
2026-08-27,DDOG,Enterprise_AI,SaaS,79.2,60.0,Buy,Compounder,227.67
2026-08-27,MDB,Enterprise_AI,SaaS,73.0,60.0,Buy,Compounder,406.11
2026-08-27,ZS,Enterprise_AI,SaaS,82.4,80.0,Buy,Compounder,170.31
2026-08-27,CRWD,ENDPOINT,Cybersecurity,76.8,40.0,Watch,Compounder,189.18
2026-08-27,S,ENDPOINT,Cybersecurity,78.8,80.0,Buy,Compounder,20.51
2026-08-27,PANW,NETWORK,Cybersecurity,73.4,40.0,Watch,Compounder,339.31
2026-08-27,FTNT,NETWORK,Cybersecurity,85.4,60.0,Buy,Compounder,157.54
2026-08-27,CHKP,NETWORK,Cybersecurity,70.2,100.0,Buy,Neutral,129.05
2026-08-27,OKTA,IDENTITY,Cybersecurity,78.0,80.0,Buy,Compounder,134.42
2026-08-27,SAIL,IDENTITY,Cybersecurity,70.6,80.0,Buy,Compounder,18.22
2026-08-27,QLYS,DATA_SEC,Cybersecurity,82.8,80.0,Buy,Neutral,176.67
2026-08-27,VRNT,DATA_SEC,Cybersecurity,55.1,100.0,Avoid,Neutral,20.51
2026-08-27,TENB,DATA_SEC,Cybersecurity,66.0,100.0,Buy,Compounder,33.66
2026-08-27,GEN,DATA_SEC,Cybersecurity,84.0,80.0,Buy,Neutral,29.64
2026-08-27,VRNS,DATA_SEC,Cybersecurity,60.9,80.0,Buy,Compounder,41.4
2026-08-27,RPD,DATA_SEC,Cybersecurity,57.0,100.0,Avoid,Neutral,11.79
2026-08-28,TSM,Foundry,Semiconductors,77.4,40.0,Watch,Enabler,427.3
2026-08-28,UMC,Foundry,Semiconductors,52.6,60.0,Avoid,Enabler,19.07
2026-08-28,NVDA,Fabless,Semiconductors,94.4,20.0,Watch,Enabler,227.98
2026-08-28,AMD,Fabless,Semiconductors,67.4,40.0,Watch,Enabler,476.67
2026-08-28,AVGO,Fabless,Semiconductors,75.4,40.0,Watch,Compounder,371.54
2026-08-28,MRVL,Fabless,Semiconductors,69.2,40.0,Watch,Compounder,241.45
2026-08-28,MPWR,Fabless,Semiconductors,71.4,20.0,Watch,Compounder,1311.08
2026-08-28,ARM,Fabless,Semiconductors,60.2,20.0,Watch,Enabler,255.21
2026-08-28,MTSI,Fabless,Semiconductors,58.0,20.0,Pass,Neutral,277.15
2026-08-28,SIMO,Fabless,Semiconductors,49.2,60.0,Avoid,Neutral,255.08
2026-08-28,RMBS,Fabless,Semiconductors,82.8,60.0,Buy,Enabler,91.11
2026-08-28,SITM,Fabless,Semiconductors,52.6,20.0,Pass,Enabler,599.89
2026-08-28,AMBA,Fabless,Semiconductors,48.7,40.0,Pass,Enabler,71.16
2026-08-28,ASML,Equipment,Semiconductors,81.0,40.0,Watch,Enabler,1735.01
2026-08-28,LRCX,Equipment,Semiconductors,83.4,20.0,Watch,Enabler,318.58
2026-08-28,KLAC,Equipment,Semiconductors,75.6,40.0,Watch,Enabler,183.77
2026-08-28,AMAT,Equipment,Semiconductors,65.2,20.0,Watch,Enabler,482.36
2026-08-28,ENTG,Equipment,Semiconductors,60.4,60.0,Buy,Enabler,145.31
2026-08-28,MKSI,Equipment,Semiconductors,57.2,60.0,Avoid,Enabler,270.99
2026-08-28,ACLS,Equipment,Semiconductors,51.2,40.0,Pass,Neutral,122.4
2026-08-28,UCTT,Equipment,Semiconductors,30.0,100.0,Avoid,Neutral,74.75
2026-08-28,ICHR,Equipment,Semiconductors,31.6,20.0,Pass,Neutral,59.09
2026-08-28,COHU,Equipment,Semiconductors,46.8,80.0,Avoid,Neutral,51.69
2026-08-28,FORM,Equipment,Semiconductors,55.8,40.0,Pass,Neutral,110.23
2026-08-28,ONTO,Equipment,Semiconductors,66.6,40.0,Watch,Neutral,292.62
2026-08-28,NVMI,Equipment,Semiconductors,68.2,20.0,Watch,Neutral,370.915
2026-08-28,CAMT,Equipment,Semiconductors,73.3,40.0,Watch,Neutral,144.81
2026-08-28,TER,Equipment,Semiconductors,65.2,20.0,Watch,Neutral,372.06
2026-08-28,KEYS,Equipment,Semiconductors,63.0,80.0,Buy,Enabler,325.82
2026-08-28,INTC,IDM,Semiconductors,49.2,20.0,Pass,Exposed,92.09
2026-08-28,MU,Memory,Semiconductors,62.4,20.0,Watch,Enabler,935.39
2026-08-28,WDC,Memory,Semiconductors,86.2,40.0,Watch,Neutral,462.0
2026-08-28,STX,Memory,Semiconductors,81.4,20.0,Watch,Neutral,847.2
2026-08-28,SNPS,EDA_IP,Semiconductors,57.0,80.0,Avoid,Enabler,464.89
2026-08-28,CDNS,EDA_IP,Semiconductors,66.2,40.0,Watch,Enabler,347.55
2026-08-28,AMZN,Hyperscaler,Cloud,62.6,80.0,Buy,Enabler,256.26
2026-08-28,MSFT,Hyperscaler,Cloud,70.4,40.0,Watch,Compounder,505.06
2026-08-28,GOOGL,Hyperscaler,Cloud,67.4,60.0,Buy,Compounder,340.65
2026-08-28,ORCL,Hyperscaler,Cloud,53.2,60.0,Avoid,Compounder,151.94
2026-08-28,ANET,Network_Hardware,Cloud,93.0,40.0,Watch,Enabler,201.09
2026-08-28,VRT,Data_Center_Infra,Cloud,80.0,60.0,Buy,Enabler,269.28
2026-08-28,SMCI,Data_Center_Infra,Cloud,59.6,100.0,Avoid,Enabler,38.46
2026-08-28,CLS,Data_Center_Infra,Cloud,58.4,60.0,Avoid,Enabler,317.38
2026-08-28,NBIS,Neocloud,Cloud,63.2,20.0,Watch,Enabler,218.48
2026-08-28,CRWV,Neocloud,Cloud,69.6,80.0,Buy,Enabler,86.8
2026-08-28,IREN,Power_Campus,Cloud,56.8,80.0,Avoid,Enabler,40.53
2026-08-28,APLD,Power_Campus,Cloud,59.5,80.0,Avoid,Enabler,27.44
2026-08-28,CRM,Enterprise_SaaS,SaaS,83.0,60.0,Buy,Compounder,252.05
2026-08-28,HUBS,Enterprise_SaaS,SaaS,65.8,80.0,Buy,Compounder,255.83
2026-08-28,WDAY,Enterprise_SaaS,SaaS,80.4,60.0,Buy,Exposed,193.57
2026-08-28,INTU,Enterprise_SaaS,SaaS,75.9,60.0,Buy,Compounder,348.0
2026-08-28,NOW,Enterprise_SaaS,SaaS,76.0,40.0,Watch,Compounder,138.43
2026-08-28,ADBE,Enterprise_SaaS,SaaS,81.8,60.0,Buy,Compounder,289.15
2026-08-28,TEAM,Enterprise_SaaS,SaaS,75.4,40.0,Watch,Compounder,185.62
2026-08-28,SAP,Enterprise_SaaS,SaaS,70.4,60.0,Buy,Exposed,221.17
2026-08-28,PAYC,Enterprise_SaaS,SaaS,62.4,60.0,Buy,Neutral,237.04
2026-08-28,PCTY,Enterprise_SaaS,SaaS,66.2,60.0,Buy,Neutral,158.15
2026-08-28,NICE,Enterprise_SaaS,SaaS,65.0,100.0,Buy,Compounder,105.09
2026-08-28,ADP,Enterprise_SaaS,SaaS,63.0,60.0,Buy,Neutral,284.68
2026-08-28,PAYX,Enterprise_SaaS,SaaS,74.8,20.0,Watch,Neutral,126.48
2026-08-28,FIVN,Enterprise_SaaS,SaaS,60.6,80.0,Buy,Exposed,34.57
2026-08-28,SSNC,Enterprise_SaaS,SaaS,56.2,60.0,Avoid,Neutral,83.47
2026-08-28,MANH,Enterprise_SaaS,SaaS,72.4,40.0,Watch,Neutral,223.76
2026-08-28,GTLB,DevOps,SaaS,86.0,40.0,Watch,Compounder,44.81
2026-08-28,PD,DevOps,SaaS,70.4,100.0,Buy,Neutral,12.63
2026-08-28,PLTR,Enterprise_AI,SaaS,94.4,20.0,Watch,Disruptor,185.93
2026-08-28,SNOW,Enterprise_AI,SaaS,82.6,40.0,Watch,Disruptor,329.11
2026-08-28,DDOG,Enterprise_AI,SaaS,79.2,40.0,Watch,Compounder,242.93
2026-08-28,MDB,Enterprise_AI,SaaS,73.0,60.0,Buy,Compounder,440.58
2026-08-28,ZS,Enterprise_AI,SaaS,82.4,80.0,Buy,Compounder,187.3
2026-08-28,CRWD,ENDPOINT,Cybersecurity,76.8,20.0,Watch,Compounder,227.96
2026-08-28,S,ENDPOINT,Cybersecurity,78.8,80.0,Buy,Compounder,22.71
2026-08-28,PANW,NETWORK,Cybersecurity,73.4,40.0,Watch,Compounder,382.85
2026-08-28,FTNT,NETWORK,Cybersecurity,85.4,60.0,Buy,Compounder,172.78
2026-08-28,CHKP,NETWORK,Cybersecurity,70.2,100.0,Buy,Neutral,133.23
2026-08-28,OKTA,IDENTITY,Cybersecurity,78.0,80.0,Buy,Compounder,172.91
2026-08-28,SAIL,IDENTITY,Cybersecurity,70.6,60.0,Buy,Compounder,20.45
2026-08-28,QLYS,DATA_SEC,Cybersecurity,82.8,80.0,Buy,Neutral,188.59
2026-08-28,VRNT,DATA_SEC,Cybersecurity,55.1,100.0,Avoid,Neutral,20.51
2026-08-28,TENB,DATA_SEC,Cybersecurity,66.0,100.0,Buy,Compounder,37.62
2026-08-28,GEN,DATA_SEC,Cybersecurity,84.0,80.0,Buy,Neutral,30.5
2026-08-28,VRNS,DATA_SEC,Cybersecurity,60.9,80.0,Buy,Compounder,44.78
2026-08-28,RPD,DATA_SEC,Cybersecurity,57.0,100.0,Avoid,Neutral,13.5
2026-08-29,TSM,Foundry,Semiconductors,77.4,40.0,Watch,Enabler,417.52
2026-08-29,UMC,Foundry,Semiconductors,52.6,60.0,Avoid,Enabler,19.79
2026-08-29,NVDA,Fabless,Semiconductors,91.2,20.0,Watch,Enabler,217.55
2026-08-29,AMD,Fabless,Semiconductors,67.4,40.0,Watch,Enabler,465.58
2026-08-29,AVGO,Fabless,Semiconductors,75.4,40.0,Watch,Compounder,368.79
2026-08-29,MRVL,Fabless,Semiconductors,69.2,40.0,Watch,Compounder,216.62
2026-08-29,MPWR,Fabless,Semiconductors,71.4,20.0,Watch,Compounder,1256.26
2026-08-29,ARM,Fabless,Semiconductors,60.2,20.0,Watch,Enabler,239.05
2026-08-29,MTSI,Fabless,Semiconductors,58.0,20.0,Pass,Neutral,265.27
2026-08-29,SIMO,Fabless,Semiconductors,49.2,60.0,Avoid,Neutral,245.81
2026-08-29,RMBS,Fabless,Semiconductors,82.8,60.0,Buy,Enabler,85.76
2026-08-29,SITM,Fabless,Semiconductors,52.6,20.0,Pass,Enabler,557.86
2026-08-29,AMBA,Fabless,Semiconductors,48.7,60.0,Avoid,Enabler,70.63
2026-08-29,ASML,Equipment,Semiconductors,81.0,40.0,Watch,Enabler,1696.16
2026-08-29,LRCX,Equipment,Semiconductors,83.4,20.0,Watch,Enabler,301.9
2026-08-29,KLAC,Equipment,Semiconductors,75.6,40.0,Watch,Enabler,175.54
2026-08-29,AMAT,Equipment,Semiconductors,65.2,20.0,Watch,Enabler,461.67
2026-08-29,ENTG,Equipment,Semiconductors,60.4,60.0,Buy,Enabler,134.92
2026-08-29,MKSI,Equipment,Semiconductors,57.2,60.0,Avoid,Enabler,255.76
2026-08-29,ACLS,Equipment,Semiconductors,51.2,40.0,Pass,Neutral,115.57
2026-08-29,UCTT,Equipment,Semiconductors,30.0,100.0,Avoid,Neutral,69.48
2026-08-29,ICHR,Equipment,Semiconductors,31.6,20.0,Pass,Neutral,55.445
2026-08-29,COHU,Equipment,Semiconductors,46.8,80.0,Avoid,Neutral,48.0
2026-08-29,FORM,Equipment,Semiconductors,55.8,40.0,Pass,Neutral,101.695
2026-08-29,ONTO,Equipment,Semiconductors,66.6,40.0,Watch,Neutral,270.79
2026-08-29,NVMI,Equipment,Semiconductors,68.2,40.0,Watch,Neutral,349.06
2026-08-29,CAMT,Equipment,Semiconductors,73.3,40.0,Watch,Neutral,135.57
2026-08-29,TER,Equipment,Semiconductors,65.2,20.0,Watch,Neutral,354.97
2026-08-29,KEYS,Equipment,Semiconductors,63.0,80.0,Buy,Enabler,319.97
2026-08-29,INTC,IDM,Semiconductors,49.2,20.0,Pass,Exposed,89.47
2026-08-29,MU,Memory,Semiconductors,62.4,20.0,Watch,Enabler,932.86
2026-08-29,WDC,Memory,Semiconductors,86.2,40.0,Watch,Neutral,459.45
2026-08-29,STX,Memory,Semiconductors,81.4,40.0,Watch,Neutral,829.76
2026-08-29,SNPS,EDA_IP,Semiconductors,57.4,80.0,Avoid,Enabler,442.61
2026-08-29,CDNS,EDA_IP,Semiconductors,66.2,60.0,Buy,Enabler,340.39
2026-08-29,AMZN,Hyperscaler,Cloud,62.6,80.0,Buy,Enabler,266.43
2026-08-29,MSFT,Hyperscaler,Cloud,70.4,40.0,Watch,Compounder,513.53
2026-08-29,GOOGL,Hyperscaler,Cloud,67.4,60.0,Buy,Compounder,346.59
2026-08-29,ORCL,Hyperscaler,Cloud,53.2,60.0,Avoid,Compounder,150.85
2026-08-29,ANET,Network_Hardware,Cloud,93.0,40.0,Watch,Enabler,195.38
2026-08-29,VRT,Data_Center_Infra,Cloud,80.0,60.0,Buy,Enabler,257.08
2026-08-29,SMCI,Data_Center_Infra,Cloud,59.6,100.0,Avoid,Enabler,37.08
2026-08-29,CLS,Data_Center_Infra,Cloud,58.4,60.0,Avoid,Enabler,298.7
2026-08-29,NBIS,Neocloud,Cloud,63.2,20.0,Watch,Enabler,209.18
2026-08-29,CRWV,Neocloud,Cloud,69.6,80.0,Buy,Enabler,84.23
2026-08-29,IREN,Power_Campus,Cloud,56.8,80.0,Avoid,Enabler,35.45
2026-08-29,APLD,Power_Campus,Cloud,59.5,80.0,Avoid,Enabler,25.34
2026-08-29,CRM,Enterprise_SaaS,SaaS,83.0,60.0,Buy,Compounder,256.0
2026-08-29,HUBS,Enterprise_SaaS,SaaS,65.8,80.0,Buy,Compounder,260.68
2026-08-29,WDAY,Enterprise_SaaS,SaaS,75.0,60.0,Buy,Exposed,204.72
2026-08-29,INTU,Enterprise_SaaS,SaaS,75.9,60.0,Buy,Compounder,358.06
2026-08-29,NOW,Enterprise_SaaS,SaaS,76.0,40.0,Watch,Compounder,144.71
2026-08-29,ADBE,Enterprise_SaaS,SaaS,81.8,60.0,Buy,Compounder,291.52
2026-08-29,TEAM,Enterprise_SaaS,SaaS,75.4,40.0,Watch,Compounder,190.415
2026-08-29,SAP,Enterprise_SaaS,SaaS,70.4,60.0,Buy,Exposed,221.54
2026-08-29,PAYC,Enterprise_SaaS,SaaS,62.4,60.0,Buy,Neutral,238.53
2026-08-29,PCTY,Enterprise_SaaS,SaaS,66.2,60.0,Buy,Neutral,157.93
2026-08-29,NICE,Enterprise_SaaS,SaaS,65.0,100.0,Buy,Compounder,108.835
2026-08-29,ADP,Enterprise_SaaS,SaaS,63.0,60.0,Buy,Neutral,287.48
2026-08-29,PAYX,Enterprise_SaaS,SaaS,74.8,20.0,Watch,Neutral,127.04
2026-08-29,FIVN,Enterprise_SaaS,SaaS,60.6,80.0,Buy,Exposed,34.05
2026-08-29,SSNC,Enterprise_SaaS,SaaS,56.2,60.0,Avoid,Neutral,83.42
2026-08-29,MANH,Enterprise_SaaS,SaaS,72.4,40.0,Watch,Neutral,223.28
2026-08-29,GTLB,DevOps,SaaS,86.0,40.0,Watch,Compounder,44.87
2026-08-29,PD,DevOps,SaaS,70.4,80.0,Buy,Neutral,13.83
2026-08-29,PLTR,Enterprise_AI,SaaS,94.4,20.0,Watch,Disruptor,186.29
2026-08-29,SNOW,Enterprise_AI,SaaS,82.6,40.0,Watch,Disruptor,328.0
2026-08-29,DDOG,Enterprise_AI,SaaS,79.2,40.0,Watch,Compounder,236.98
2026-08-29,MDB,Enterprise_AI,SaaS,73.0,60.0,Buy,Compounder,446.62
2026-08-29,ZS,Enterprise_AI,SaaS,82.4,80.0,Buy,Compounder,184.23
2026-08-29,CRWD,ENDPOINT,Cybersecurity,76.8,20.0,Watch,Compounder,218.4
2026-08-29,S,ENDPOINT,Cybersecurity,78.8,80.0,Buy,Compounder,21.54
2026-08-29,PANW,NETWORK,Cybersecurity,73.4,40.0,Watch,Compounder,371.59
2026-08-29,FTNT,NETWORK,Cybersecurity,85.4,60.0,Buy,Compounder,166.0
2026-08-29,CHKP,NETWORK,Cybersecurity,70.2,80.0,Buy,Neutral,138.32
2026-08-29,OKTA,IDENTITY,Cybersecurity,80.6,80.0,Buy,Compounder,166.23
2026-08-29,SAIL,IDENTITY,Cybersecurity,70.6,80.0,Buy,Compounder,19.83
2026-08-29,QLYS,DATA_SEC,Cybersecurity,82.8,80.0,Buy,Neutral,187.05
2026-08-29,VRNT,DATA_SEC,Cybersecurity,55.1,100.0,Avoid,Neutral,20.51
2026-08-29,TENB,DATA_SEC,Cybersecurity,66.0,100.0,Buy,Compounder,37.67
2026-08-29,GEN,DATA_SEC,Cybersecurity,84.0,80.0,Buy,Neutral,31.02
2026-08-29,VRNS,DATA_SEC,Cybersecurity,60.9,80.0,Buy,Compounder,43.92
2026-08-29,RPD,DATA_SEC,Cybersecurity,57.0,100.0,Avoid,Neutral,13.29
2026-09-01,TSM,Foundry,Semiconductors,77.4,40.0,Watch,Enabler,414.0
2026-09-01,UMC,Foundry,Semiconductors,52.6,60.0,Avoid,Enabler,20.47
2026-09-01,NVDA,Fabless,Semiconductors,91.2,20.0,Watch,Enabler,217.44
2026-09-01,AMD,Fabless,Semiconductors,67.4,40.0,Watch,Enabler,459.61
2026-09-01,AVGO,Fabless,Semiconductors,75.4,40.0,Watch,Compounder,369.68
2026-09-01,MRVL,Fabless,Semiconductors,69.2,40.0,Watch,Compounder,210.39
2026-09-01,MPWR,Fabless,Semiconductors,71.4,20.0,Watch,Compounder,1225.96
2026-09-01,ARM,Fabless,Semiconductors,60.2,20.0,Watch,Enabler,234.82
2026-09-01,MTSI,Fabless,Semiconductors,58.0,20.0,Pass,Neutral,262.01
2026-09-01,SIMO,Fabless,Semiconductors,49.2,60.0,Avoid,Neutral,237.35
2026-09-01,RMBS,Fabless,Semiconductors,82.8,60.0,Buy,Enabler,84.4
2026-09-01,SITM,Fabless,Semiconductors,52.6,20.0,Pass,Enabler,552.75
2026-09-01,AMBA,Fabless,Semiconductors,48.7,60.0,Avoid,Enabler,67.83
2026-09-01,ASML,Equipment,Semiconductors,81.0,40.0,Watch,Enabler,1665.14
2026-09-01,LRCX,Equipment,Semiconductors,83.4,20.0,Watch,Enabler,290.2
2026-09-01,KLAC,Equipment,Semiconductors,75.6,40.0,Watch,Enabler,170.89
2026-09-01,AMAT,Equipment,Semiconductors,65.2,20.0,Watch,Enabler,441.85
2026-09-01,ENTG,Equipment,Semiconductors,60.4,60.0,Buy,Enabler,129.51
2026-09-01,MKSI,Equipment,Semiconductors,57.2,60.0,Avoid,Enabler,246.44
2026-09-01,ACLS,Equipment,Semiconductors,51.2,40.0,Pass,Neutral,110.09
2026-09-01,UCTT,Equipment,Semiconductors,30.0,100.0,Avoid,Neutral,65.11
2026-09-01,ICHR,Equipment,Semiconductors,31.6,20.0,Pass,Neutral,51.76
2026-09-01,COHU,Equipment,Semiconductors,46.8,80.0,Avoid,Neutral,44.16
2026-09-01,FORM,Equipment,Semiconductors,55.8,40.0,Pass,Neutral,95.41
2026-09-01,ONTO,Equipment,Semiconductors,66.6,40.0,Watch,Neutral,256.37
2026-09-01,NVMI,Equipment,Semiconductors,68.2,40.0,Watch,Neutral,337.64
2026-09-01,CAMT,Equipment,Semiconductors,73.3,40.0,Watch,Neutral,128.14
2026-09-01,TER,Equipment,Semiconductors,65.2,20.0,Watch,Neutral,335.46
2026-09-01,KEYS,Equipment,Semiconductors,63.0,80.0,Buy,Enabler,319.27
2026-09-01,INTC,IDM,Semiconductors,49.2,20.0,Pass,Exposed,88.97
2026-09-01,MU,Memory,Semiconductors,62.4,20.0,Watch,Enabler,933.44
2026-09-01,WDC,Memory,Semiconductors,86.2,40.0,Watch,Neutral,450.44
2026-09-01,STX,Memory,Semiconductors,81.4,40.0,Watch,Neutral,816.64
2026-09-01,SNPS,EDA_IP,Semiconductors,57.4,80.0,Avoid,Enabler,414.82
2026-09-01,CDNS,EDA_IP,Semiconductors,66.2,60.0,Buy,Enabler,313.04
2026-09-01,AMZN,Hyperscaler,Cloud,62.6,80.0,Buy,Enabler,254.92
2026-09-01,MSFT,Hyperscaler,Cloud,70.4,40.0,Watch,Compounder,501.02
2026-09-01,GOOGL,Hyperscaler,Cloud,67.4,60.0,Buy,Compounder,335.02
2026-09-01,ORCL,Hyperscaler,Cloud,53.2,60.0,Avoid,Compounder,141.32
2026-09-01,ANET,Network_Hardware,Cloud,93.0,40.0,Watch,Enabler,189.26
2026-09-01,VRT,Data_Center_Infra,Cloud,80.0,60.0,Buy,Enabler,255.97
2026-09-01,SMCI,Data_Center_Infra,Cloud,59.6,100.0,Avoid,Enabler,36.71
2026-09-01,CLS,Data_Center_Infra,Cloud,58.4,60.0,Avoid,Enabler,292.59
2026-09-01,NBIS,Neocloud,Cloud,63.2,40.0,Watch,Enabler,199.54
2026-09-01,CRWV,Neocloud,Cloud,69.6,80.0,Buy,Enabler,81.85
2026-09-01,IREN,Power_Campus,Cloud,56.8,80.0,Avoid,Enabler,36.82
2026-09-01,APLD,Power_Campus,Cloud,59.5,80.0,Avoid,Enabler,24.29
2026-09-01,CRM,Enterprise_SaaS,SaaS,83.0,60.0,Buy,Compounder,258.11
2026-09-01,HUBS,Enterprise_SaaS,SaaS,65.8,80.0,Buy,Compounder,251.11
2026-09-01,WDAY,Enterprise_SaaS,SaaS,79.4,60.0,Buy,Exposed,198.38
2026-09-01,INTU,Enterprise_SaaS,SaaS,75.9,60.0,Buy,Compounder,344.93
2026-09-01,NOW,Enterprise_SaaS,SaaS,76.0,40.0,Watch,Compounder,142.9
2026-09-01,ADBE,Enterprise_SaaS,SaaS,81.8,60.0,Buy,Compounder,286.08
2026-09-01,TEAM,Enterprise_SaaS,SaaS,75.4,40.0,Watch,Compounder,187.03
2026-09-01,SAP,Enterprise_SaaS,SaaS,70.4,60.0,Buy,Exposed,212.04
2026-09-01,PAYC,Enterprise_SaaS,SaaS,62.4,60.0,Buy,Neutral,237.95
2026-09-01,PCTY,Enterprise_SaaS,SaaS,66.2,60.0,Buy,Neutral,156.02
2026-09-01,NICE,Enterprise_SaaS,SaaS,65.0,100.0,Buy,Compounder,106.59
2026-09-01,ADP,Enterprise_SaaS,SaaS,63.0,60.0,Buy,Neutral,283.49
2026-09-01,PAYX,Enterprise_SaaS,SaaS,74.8,20.0,Watch,Neutral,125.64
2026-09-01,FIVN,Enterprise_SaaS,SaaS,60.6,80.0,Buy,Exposed,34.03
2026-09-01,SSNC,Enterprise_SaaS,SaaS,56.2,60.0,Avoid,Neutral,81.91
2026-09-01,MANH,Enterprise_SaaS,SaaS,72.4,40.0,Watch,Neutral,216.21
2026-09-01,GTLB,DevOps,SaaS,86.0,40.0,Watch,Compounder,45.09
2026-09-01,PD,DevOps,SaaS,70.4,80.0,Buy,Neutral,14.04
2026-09-01,PLTR,Enterprise_AI,SaaS,94.4,20.0,Watch,Disruptor,179.92
2026-09-01,SNOW,Enterprise_AI,SaaS,82.6,40.0,Watch,Disruptor,319.8
2026-09-01,DDOG,Enterprise_AI,SaaS,79.2,60.0,Buy,Compounder,223.84
2026-09-01,MDB,Enterprise_AI,SaaS,73.0,60.0,Buy,Compounder,434.21
2026-09-01,ZS,Enterprise_AI,SaaS,82.4,80.0,Buy,Compounder,178.37
2026-09-01,CRWD,ENDPOINT,Cybersecurity,76.8,20.0,Watch,Compounder,215.07
2026-09-01,S,ENDPOINT,Cybersecurity,78.8,80.0,Buy,Compounder,20.63
2026-09-01,PANW,NETWORK,Cybersecurity,73.4,40.0,Watch,Compounder,362.09
2026-09-01,FTNT,NETWORK,Cybersecurity,85.4,60.0,Buy,Compounder,161.85
2026-09-01,CHKP,NETWORK,Cybersecurity,70.2,100.0,Buy,Neutral,134.47
2026-09-01,OKTA,IDENTITY,Cybersecurity,80.6,80.0,Buy,Compounder,166.43
2026-09-01,SAIL,IDENTITY,Cybersecurity,70.6,80.0,Buy,Compounder,19.23
2026-09-01,QLYS,DATA_SEC,Cybersecurity,82.8,80.0,Buy,Neutral,177.01
2026-09-01,VRNT,DATA_SEC,Cybersecurity,55.1,100.0,Avoid,Neutral,20.51
2026-09-01,TENB,DATA_SEC,Cybersecurity,66.0,100.0,Buy,Compounder,35.47
2026-09-01,GEN,DATA_SEC,Cybersecurity,84.0,80.0,Buy,Neutral,30.02
2026-09-01,VRNS,DATA_SEC,Cybersecurity,60.9,80.0,Buy,Compounder,42.35
2026-09-01,RPD,DATA_SEC,Cybersecurity,57.0,100.0,Avoid,Neutral,12.01
