Ticker,Archetype,Name,Price,EV/FCF,EV/Revenue,FCF Margin,Op Margin,Gross Margin,GM Trend (3Y),Rev CAGR (3Y),Rev Growth (YoY),ROIC,ROIC Trend (3Y),FCF Margin Trend (3Y),R&D Intensity,Revenue per Employee ($K),Net Debt/EBITDA,Interest Coverage,Last Updated
TSM,Foundry,Taiwan Semiconductor Manufactur,472.2,103.35,17.01,16.5,60.3,64.2,0.3,18.9,36.0,25.2,-0.7,3.0,5.5,1813.3,-0.77,,2026-10-08
UMC,Foundry,United Microelectronics Corpora,23.31,48.18,7.09,14.7,21.7,30.6,-16.1,-5.2,17.0,8.7,-14.9,-1.9,7.1,393.7,-0.76,71.83,2026-10-08
NVDA,Fabless,NVIDIA Corporation,237.47,136.58,18.85,13.8,66.2,74.7,14.1,100.0,105.9,66.8,53.4,30.7,6.1,7213.6,-0.12,777.09,2026-10-08
AMD,Fabless,"Advanced Micro Devices, Inc.",645.86,118.25,25.31,21.4,17.2,55.7,4.6,13.6,50.1,4.4,2.7,6.2,19.6,1332.4,-0.92,72.99,2026-10-08
AVGO,Fabless,Broadcom Inc.,376.51,59.9,20.57,34.3,54.3,75.5,1.2,24.4,85.5,13.3,-8.0,-7.0,12.3,2700.1,0.68,16.28,2026-10-08
MRVL,Fabless,"Marvell Technology, Inc.",284.68,106.81,27.22,25.5,16.7,52.2,0.5,11.4,36.5,6.2,4.8,-1.1,22.0,1263.4,0.47,14.07,2026-10-08
MPWR,Fabless,"Monolithic Power Systems, Inc.",1425.98,154.58,20.98,13.6,31.0,55.2,-3.3,15.9,47.6,16.7,-9.6,13.3,11.7,727.2,-1.39,,2026-10-08
ARM,Fabless,Arm Holdings plc,294.37,233.03,60.31,25.9,7.6,97.5,1.5,22.5,22.4,8.6,-4.5,-4.8,53.8,538.0,-3.2,,2026-10-08
MTSI,Fabless,MACOM Technology Solutions Hold,335.91,243.45,21.83,9.0,23.3,56.5,-5.5,12.7,35.8,5.6,-1.8,-6.4,21.0,582.0,-0.9,50.05,2026-10-08
SIMO,Fabless,Silicon Motion Technology Corpo,285.78,,7.38,-15.0,22.4,48.9,-1.0,-2.2,127.0,9.8,-14.0,-4.7,20.0,653.8,-0.01,,2026-10-08
RMBS,Fabless,"Rambus, Inc.",111.48,55.62,14.88,26.7,36.7,80.4,3.2,15.9,20.4,15.6,7.6,0.9,24.8,956.2,-2.54,230.52,2026-10-08
SITM,Fabless,SiTime Corporation,665.16,784.22,41.48,5.3,10.6,58.7,-10.9,4.8,126.5,-4.1,-6.4,9.2,25.4,1060.9,-12.97,,2026-10-08
AMBA,Fabless,"Ambarella, Inc.",65.33,79.92,6.28,7.9,-7.5,58.5,-2.7,5.0,13.2,-8.3,3.0,6.2,57.1,435.7,,,2026-10-08
ASML,Equipment,ASML Holding N.V. - New York Re,1804.96,72.69,17.36,23.9,37.1,52.7,2.3,15.6,21.3,38.7,-3.5,-0.1,13.3,900.6,-0.41,114.02,2026-10-08
LRCX,Equipment,Lam Research Corporation,329.51,132.96,17.69,13.3,37.4,50.5,5.8,10.1,30.0,44.5,9.5,-5.8,10.2,997.1,-0.17,55.08,2026-10-08
KLAC,Equipment,KLA Corporation,196.83,98.34,19.01,19.3,42.5,61.3,1.5,9.0,15.2,39.9,-0.7,-4.0,11.3,798.8,0.21,21.29,2026-10-08
AMAT,Equipment,"Applied Materials, Inc.",520.65,133.74,13.34,10.0,33.7,49.4,2.2,3.2,24.8,23.7,-14.2,2.2,11.6,792.7,-0.19,37.75,2026-10-08
ENTG,Equipment,"Entegris, Inc.",166.32,59.73,8.58,14.4,19.3,45.6,1.9,-0.9,11.5,11.2,6.7,15.5,9.9,432.0,3.51,4.58,2026-10-08
MKSI,Equipment,MKS Inc.,273.15,45.89,5.07,11.1,20.6,47.0,3.1,3.5,28.3,8.0,2.5,2.4,6.9,426.2,3.38,4.62,2026-10-08
ACLS,Equipment,"Axcelis Technologies, Inc.",138.4,93.78,4.55,4.9,9.4,43.0,1.2,-3.0,10.6,10.0,-18.4,-9.5,12.6,591.2,-3.34,18.53,2026-10-08
UCTT,Equipment,"Ultra Clean Holdings, Inc.",71.42,,1.7,-3.7,4.6,15.8,-3.9,-4.7,24.3,2.9,-8.2,3.0,1.5,315.9,3.74,3.63,2026-10-08
ICHR,Equipment,Ichor Holdings,60.87,214.92,2.15,1.0,2.8,12.7,-7.3,-9.5,22.7,-4.1,-13.5,-0.8,2.3,536.1,-2.78,5.56,2026-10-08
COHU,Equipment,"Cohu, Inc.",70.78,48.02,6.09,12.7,0.6,44.0,-4.4,-17.7,38.4,-4.4,-13.9,-9.7,17.6,188.2,-13.22,6.15,2026-10-08
FORM,Equipment,"FormFactor, Inc.",139.8,92.14,11.73,12.7,24.1,46.2,-0.2,1.6,31.9,4.7,-1.2,-7.4,12.8,419.1,-1.69,358.48,2026-10-08
ONTO,Equipment,Onto Innovation Inc.,304.4,71.58,12.97,18.1,23.0,55.5,-3.9,0.0,35.3,6.1,-7.6,18.1,11.8,600.0,-1.33,,2026-10-08
NVMI,Equipment,Nova Ltd.,377.77,104.53,12.58,12.0,29.9,57.1,1.8,15.6,15.9,10.6,-6.3,7.5,15.3,581.6,-0.73,,2026-10-08
CAMT,Equipment,Camtek Ltd.,152.2,,13.87,,22.4,51.0,0.6,15.6,2.5,10.9,-1.8,10.2,9.7,703.9,-1.32,83.65,2026-10-08
TER,Equipment,"Teradyne, Inc.",411.78,146.61,14.36,9.8,33.2,59.2,-1.0,0.4,103.9,20.2,-8.7,1.0,11.3,676.4,-0.17,219.82,2026-10-08
KEYS,Equipment,Keysight Technologies Inc.,381.42,34.86,9.89,28.4,25.7,63.3,-1.6,-0.3,36.5,8.3,-11.2,6.1,15.3,396.5,0.09,17.69,2026-10-08
INTC,IDM,Intel Corporation,113.12,127.15,10.85,8.5,12.2,38.9,-7.8,-5.7,25.4,-0.0,-1.3,5.6,24.2,670.2,1.24,15.44,2026-10-08
MU,Memory,"Micron Technology, Inc.",1088.0,40.75,8.94,21.9,80.7,80.7,-5.4,6.7,379.3,13.2,-2.5,-5.7,2.9,,-0.35,228.18,2026-10-08
WDC,Memory,Western Digital Corporation,405.42,66.72,11.72,17.6,43.6,48.9,26.6,27.4,43.8,44.1,45.7,46.8,9.0,323.0,-0.08,30.32,2026-10-08
STX,Memory,Seagate Technology Holdings PLC,807.57,95.6,15.24,15.9,43.1,45.6,27.3,18.2,48.5,63.6,62.4,17.0,6.2,406.5,0.49,15.85,2026-10-08
SNPS,EDA_IP,"Synopsys, Inc.",502.67,30.23,11.0,36.4,14.5,82.9,-3.6,15.2,42.4,2.1,-16.2,-15.5,26.3,336.3,3.49,4.65,2026-10-08
CDNS,EDA_IP,"Cadence Design Systems, Inc.",356.12,61.72,17.02,27.6,28.6,85.9,-3.2,14.1,24.2,15.1,-9.8,-1.4,30.3,378.0,0.52,18.5,2026-10-08
